InvoiceNo,StockCode,Description,Quantity,InvoiceDate,UnitPrice,CustomerID,Country
536000,71053,White Metal Lantern,6,2025-11-30 03:00:00,3.39,12128,United Kingdom
536000,71053,White Metal Lantern,4,2025-07-28 14:00:00,3.39,12153,France
536000,22633,Hand Warmer Union Jack,10,2024-11-23 22:00:00,1.85,12112,United Kingdom
536001,71053,White Metal Lantern,2,2024-05-14 04:00:00,3.39,12073,United Kingdom
536001,22633,Hand Warmer Union Jack,11,2024-10-14 08:00:00,1.85,12080,United Kingdom
536001,22752,Set 7 Babushka Nesting Boxes,6,2024-04-14 12:00:00,7.65,12096,France
536001,71053,White Metal Lantern,9,2025-02-03 04:00:00,3.39,12137,United Kingdom
536002,84406B,Cream Cupid Hearts Coat Hanger,11,2025-02-26 05:00:00,2.75,12147,United Kingdom
536002,22752,Set 7 Babushka Nesting Boxes,6,2025-07-30 19:00:00,7.65,12118,United Kingdom
536002,22633,Hand Warmer Union Jack,2,2025-11-22 16:00:00,1.85,12108,France
536002,22633,Hand Warmer Union Jack,7,2024-12-19 11:00:00,1.85,12134,Germany
536003,22633,Hand Warmer Union Jack,9,2024-02-04 23:00:00,1.85,12132,United Kingdom
536003,84406B,Cream Cupid Hearts Coat Hanger,1,2024-05-20 09:00:00,2.75,12133,United Kingdom
536003,21730,Glass Star Frosted T-Light Holder,8,2025-10-20 13:00:00,4.25,12036,Germany
536003,71053,White Metal Lantern,11,2025-09-16 00:00:00,3.39,12179,United Kingdom
536004,84029E,Red Woolly Hottie White Heart,9,2025-02-24 08:00:00,3.39,12102,United Kingdom
536004,22633,Hand Warmer Union Jack,7,2024-10-03 20:00:00,1.85,12110,United Kingdom
536004,84029E,Red Woolly Hottie White Heart,1,2024-07-23 22:00:00,3.39,12008,United Kingdom
536004,22633,Hand Warmer Union Jack,9,2025-05-06 18:00:00,1.85,12125,Netherlands
536005,84029E,Red Woolly Hottie White Heart,12,2025-09-29 11:00:00,3.39,12124,United Kingdom
536005,22633,Hand Warmer Union Jack,7,2024-02-16 05:00:00,1.85,12142,Germany
536005,22752,Set 7 Babushka Nesting Boxes,8,2025-08-21 23:00:00,7.65,12025,United Kingdom
536005,84029E,Red Woolly Hottie White Heart,8,2025-08-04 15:00:00,3.39,12046,Germany
536006,22633,Hand Warmer Union Jack,2,2024-12-30 03:00:00,1.85,12166,Netherlands
536006,22752,Set 7 Babushka Nesting Boxes,2,2025-07-15 21:00:00,7.65,12049,United Kingdom
536006,85123A,White Hanging Heart T-Light Holder,2,2025-09-08 09:00:00,2.55,12000,United Kingdom
536006,71053,White Metal Lantern,10,2024-12-04 17:00:00,3.39,12050,United Kingdom
536007,85123A,White Hanging Heart T-Light Holder,9,2025-05-03 02:00:00,2.55,12068,United Kingdom
536007,22752,Set 7 Babushka Nesting Boxes,11,2025-11-03 01:00:00,7.65,12149,United Kingdom
536007,84406B,Cream Cupid Hearts Coat Hanger,9,2025-10-08 02:00:00,2.75,12057,United Kingdom
536007,84029E,Red Woolly Hottie White Heart,2,2024-08-06 22:00:00,3.39,12106,Netherlands
536008,84029E,Red Woolly Hottie White Heart,9,2025-06-17 08:00:00,3.39,12105,France
536008,84029G,Knitted Union Flag Hot Water Bottle,7,2024-05-25 05:00:00,3.39,12003,United Kingdom
536008,71053,White Metal Lantern,1,2025-04-27 20:00:00,3.39,12088,Netherlands
536008,85123A,White Hanging Heart T-Light Holder,1,2025-10-12 06:00:00,2.55,12130,United Kingdom
536009,84029E,Red Woolly Hottie White Heart,8,2024-06-15 01:00:00,3.39,12083,United Kingdom
536009,22633,Hand Warmer Union Jack,10,2024-08-21 10:00:00,1.85,12158,United Kingdom
536009,84029G,Knitted Union Flag Hot Water Bottle,7,2025-04-04 15:00:00,3.39,12159,United Kingdom
536009,84029G,Knitted Union Flag Hot Water Bottle,11,2025-06-29 07:00:00,3.39,12017,United Kingdom
536010,84406B,Cream Cupid Hearts Coat Hanger,1,2024-03-07 03:00:00,2.75,12165,United Kingdom
536010,84029G,Knitted Union Flag Hot Water Bottle,8,2024-01-29 06:00:00,3.39,12173,United Kingdom
536010,84029G,Knitted Union Flag Hot Water Bottle,9,2024-08-07 07:00:00,3.39,12035,United Kingdom
536010,84406B,Cream Cupid Hearts Coat Hanger,7,2025-08-04 02:00:00,2.75,12069,United Kingdom
536011,71053,White Metal Lantern,7,2024-09-12 22:00:00,3.39,12078,United Kingdom
536011,84029E,Red Woolly Hottie White Heart,8,2025-07-21 22:00:00,3.39,12127,United Kingdom
536011,84406B,Cream Cupid Hearts Coat Hanger,6,2025-10-20 11:00:00,2.75,12132,United Kingdom
536011,84029E,Red Woolly Hottie White Heart,2,2024-11-12 04:00:00,3.39,12054,United Kingdom
536012,71053,White Metal Lantern,8,2025-03-27 11:00:00,3.39,12165,United Kingdom
536012,84406B,Cream Cupid Hearts Coat Hanger,1,2024-08-02 08:00:00,2.75,12090,United Kingdom
536012,84029G,Knitted Union Flag Hot Water Bottle,2,2025-01-18 06:00:00,3.39,12158,United Kingdom
536012,84029G,Knitted Union Flag Hot Water Bottle,10,2025-01-01 09:00:00,3.39,12075,United Kingdom
536013,84406B,Cream Cupid Hearts Coat Hanger,2,2024-05-11 23:00:00,2.75,12067,Spain
536013,84406B,Cream Cupid Hearts Coat Hanger,2,2024-03-23 20:00:00,2.75,12175,France
536013,84406B,Cream Cupid Hearts Coat Hanger,11,2024-05-25 11:00:00,2.75,12161,United Kingdom
536013,84029E,Red Woolly Hottie White Heart,10,2025-02-01 16:00:00,3.39,12016,Netherlands
536014,84406B,Cream Cupid Hearts Coat Hanger,5,2024-03-27 04:00:00,2.75,12065,United Kingdom
536014,84029E,Red Woolly Hottie White Heart,7,2024-03-19 13:00:00,3.39,12003,United Kingdom
536014,85123A,White Hanging Heart T-Light Holder,5,2024-05-08 11:00:00,2.55,12031,United Kingdom
536014,22752,Set 7 Babushka Nesting Boxes,6,2024-02-22 05:00:00,7.65,12116,Netherlands
536015,22752,Set 7 Babushka Nesting Boxes,10,2025-09-24 00:00:00,7.65,12055,United Kingdom
536015,71053,White Metal Lantern,11,2025-11-15 17:00:00,3.39,12095,United Kingdom
536015,84029E,Red Woolly Hottie White Heart,7,2025-05-01 19:00:00,3.39,12074,United Kingdom
536015,21730,Glass Star Frosted T-Light Holder,1,2025-03-27 15:00:00,4.25,12072,United Kingdom
536016,71053,White Metal Lantern,5,2025-03-11 17:00:00,3.39,12106,United Kingdom
536016,85123A,White Hanging Heart T-Light Holder,9,2024-09-26 21:00:00,2.55,12087,United Kingdom
536016,71053,White Metal Lantern,3,2024-06-16 20:00:00,3.39,12158,United Kingdom
536016,84406B,Cream Cupid Hearts Coat Hanger,9,2025-02-16 23:00:00,2.75,12090,United Kingdom
536017,84406B,Cream Cupid Hearts Coat Hanger,6,2025-06-08 18:00:00,2.75,12106,United Kingdom
536017,21730,Glass Star Frosted T-Light Holder,11,2024-06-20 06:00:00,4.25,12056,United Kingdom
536017,85123A,White Hanging Heart T-Light Holder,11,2025-06-26 04:00:00,2.55,12138,Germany
536017,84406B,Cream Cupid Hearts Coat Hanger,4,2024-01-23 23:00:00,2.75,12005,United Kingdom
536018,22633,Hand Warmer Union Jack,7,2025-03-06 01:00:00,1.85,12067,United Kingdom
536018,71053,White Metal Lantern,3,2024-02-22 05:00:00,3.39,12141,United Kingdom
536018,84029E,Red Woolly Hottie White Heart,6,2025-03-09 19:00:00,3.39,12162,United Kingdom
536018,85123A,White Hanging Heart T-Light Holder,11,2025-10-04 18:00:00,2.55,12062,United Kingdom
536019,84029G,Knitted Union Flag Hot Water Bottle,11,2024-07-25 06:00:00,3.39,12130,Netherlands
536019,21730,Glass Star Frosted T-Light Holder,12,2024-11-13 18:00:00,4.25,12092,United Kingdom
536019,84029E,Red Woolly Hottie White Heart,6,2025-05-26 23:00:00,3.39,12051,United Kingdom
536019,22633,Hand Warmer Union Jack,9,2025-03-02 13:00:00,1.85,12121,United Kingdom
536020,21730,Glass Star Frosted T-Light Holder,3,2024-01-08 14:00:00,4.25,12124,Spain
536020,21730,Glass Star Frosted T-Light Holder,1,2024-08-23 22:00:00,4.25,12163,United Kingdom
536020,22752,Set 7 Babushka Nesting Boxes,9,2024-07-07 16:00:00,7.65,12067,United Kingdom
536020,71053,White Metal Lantern,1,2024-10-23 18:00:00,3.39,,Germany
536021,84029E,Red Woolly Hottie White Heart,10,2025-06-21 06:00:00,3.39,12011,United Kingdom
536021,84406B,Cream Cupid Hearts Coat Hanger,9,2024-04-27 02:00:00,2.75,12026,United Kingdom
536021,21730,Glass Star Frosted T-Light Holder,6,2024-12-23 06:00:00,4.25,12140,United Kingdom
536021,84029G,Knitted Union Flag Hot Water Bottle,3,2025-02-07 12:00:00,3.39,12074,United Kingdom
536022,22752,Set 7 Babushka Nesting Boxes,3,2024-09-14 23:00:00,7.65,12099,Spain
536022,85123A,White Hanging Heart T-Light Holder,10,2025-10-17 17:00:00,2.55,12165,Netherlands
536022,22752,Set 7 Babushka Nesting Boxes,9,2024-02-10 15:00:00,7.65,12043,United Kingdom
536022,84406B,Cream Cupid Hearts Coat Hanger,3,2024-06-08 15:00:00,2.75,12007,United Kingdom
536023,85123A,White Hanging Heart T-Light Holder,6,2025-05-17 18:00:00,2.55,12016,United Kingdom
536023,84406B,Cream Cupid Hearts Coat Hanger,10,2024-12-05 03:00:00,2.75,12156,United Kingdom
536023,22752,Set 7 Babushka Nesting Boxes,8,2024-04-10 04:00:00,7.65,12027,United Kingdom
536023,84029E,Red Woolly Hottie White Heart,11,2025-04-20 04:00:00,3.39,12030,United Kingdom
536024,22633,Hand Warmer Union Jack,2,2024-12-03 14:00:00,1.85,12142,Germany
C536024,22633,Hand Warmer Union Jack,-10,2024-04-23 00:00:00,1.85,12088,United Kingdom
536024,71053,White Metal Lantern,8,2024-12-28 13:00:00,3.39,12079,France
536024,84029G,Knitted Union Flag Hot Water Bottle,3,2025-08-13 23:00:00,3.39,12083,United Kingdom
536025,22752,Set 7 Babushka Nesting Boxes,6,2025-11-04 16:00:00,7.65,12168,United Kingdom
536025,84406B,Cream Cupid Hearts Coat Hanger,4,2024-10-27 22:00:00,2.75,12118,Germany
536025,22752,Set 7 Babushka Nesting Boxes,6,2025-06-05 09:00:00,7.65,12104,United Kingdom
536025,22633,Hand Warmer Union Jack,12,2024-06-23 12:00:00,1.85,12145,United Kingdom
536026,22752,Set 7 Babushka Nesting Boxes,2,2024-12-30 03:00:00,7.65,12081,Germany
536026,22633,Hand Warmer Union Jack,5,2025-01-01 11:00:00,1.85,12037,United Kingdom
536026,84406B,Cream Cupid Hearts Coat Hanger,9,2025-01-01 02:00:00,2.75,12031,United Kingdom
536026,22633,Hand Warmer Union Jack,11,2025-06-29 17:00:00,1.85,12102,United Kingdom
536027,22752,Set 7 Babushka Nesting Boxes,11,2025-04-05 05:00:00,7.65,12104,United Kingdom
536027,22633,Hand Warmer Union Jack,11,2024-10-13 22:00:00,1.85,12162,United Kingdom
536027,22752,Set 7 Babushka Nesting Boxes,1,2024-08-24 11:00:00,7.65,12102,United Kingdom
536027,84029E,Red Woolly Hottie White Heart,3,2025-07-20 10:00:00,3.39,12085,Germany
536028,22633,Hand Warmer Union Jack,8,2024-01-17 09:00:00,1.85,12086,United Kingdom
536028,84029G,Knitted Union Flag Hot Water Bottle,11,2025-01-02 02:00:00,3.39,12030,United Kingdom
536028,84029G,Knitted Union Flag Hot Water Bottle,8,2025-01-13 09:00:00,3.39,12131,United Kingdom
536028,22752,Set 7 Babushka Nesting Boxes,2,2024-09-13 13:00:00,7.65,12142,United Kingdom
536029,85123A,White Hanging Heart T-Light Holder,2,2025-03-26 20:00:00,2.55,12039,Spain
536029,22633,Hand Warmer Union Jack,4,2024-08-21 12:00:00,1.85,12155,United Kingdom
536029,71053,White Metal Lantern,10,2024-07-01 06:00:00,3.39,12106,United Kingdom
536029,84029E,Red Woolly Hottie White Heart,7,2024-09-10 06:00:00,3.39,12011,United Kingdom
536030,84029G,Knitted Union Flag Hot Water Bottle,8,2025-04-11 06:00:00,3.39,12168,United Kingdom
536030,22752,Set 7 Babushka Nesting Boxes,10,2024-12-14 23:00:00,7.65,12122,United Kingdom
536030,22752,Set 7 Babushka Nesting Boxes,5,2025-10-31 08:00:00,7.65,12009,United Kingdom
536030,22633,Hand Warmer Union Jack,6,2025-09-28 17:00:00,1.85,12064,United Kingdom
536031,84029E,Red Woolly Hottie White Heart,9,2025-02-19 11:00:00,3.39,12102,United Kingdom
536031,85123A,White Hanging Heart T-Light Holder,7,2025-11-26 05:00:00,2.55,12016,United Kingdom
536031,84029E,Red Woolly Hottie White Heart,8,2024-05-04 04:00:00,3.39,12157,Germany
536031,22752,Set 7 Babushka Nesting Boxes,8,2025-04-09 00:00:00,7.65,12081,United Kingdom
536032,71053,White Metal Lantern,9,2024-12-17 21:00:00,3.39,12044,Spain
536032,21730,Glass Star Frosted T-Light Holder,11,2024-10-20 15:00:00,4.25,12027,United Kingdom
536032,84029G,Knitted Union Flag Hot Water Bottle,4,2025-11-24 23:00:00,3.39,12109,Germany
536032,84406B,Cream Cupid Hearts Coat Hanger,9,2025-01-04 21:00:00,2.75,12054,France
536033,22633,Hand Warmer Union Jack,3,2025-03-21 02:00:00,1.85,12143,United Kingdom
536033,21730,Glass Star Frosted T-Light Holder,9,2024-09-15 10:00:00,4.25,12157,United Kingdom
536033,84406B,Cream Cupid Hearts Coat Hanger,12,2024-06-28 13:00:00,2.75,12036,France
536033,85123A,White Hanging Heart T-Light Holder,11,2025-01-18 03:00:00,2.55,12008,France
536034,84406B,Cream Cupid Hearts Coat Hanger,3,2025-05-02 06:00:00,2.75,12068,United Kingdom
536034,84406B,Cream Cupid Hearts Coat Hanger,3,2024-03-14 13:00:00,2.75,12177,France
536034,84406B,Cream Cupid Hearts Coat Hanger,7,2025-10-30 23:00:00,2.75,12164,Netherlands
536034,85123A,White Hanging Heart T-Light Holder,5,2025-05-12 12:00:00,2.55,12056,Germany
536035,71053,White Metal Lantern,8,2025-07-09 17:00:00,3.39,12174,United Kingdom
536035,22752,Set 7 Babushka Nesting Boxes,3,2024-02-25 07:00:00,7.65,12130,United Kingdom
536035,85123A,White Hanging Heart T-Light Holder,2,2024-12-17 12:00:00,2.55,12090,United Kingdom
536035,85123A,White Hanging Heart T-Light Holder,3,2024-09-18 13:00:00,2.55,12128,Germany
536036,71053,White Metal Lantern,7,2025-08-14 16:00:00,3.39,12169,United Kingdom
536036,84406B,Cream Cupid Hearts Coat Hanger,4,2025-11-06 13:00:00,2.75,12057,United Kingdom
536036,84406B,Cream Cupid Hearts Coat Hanger,9,2025-08-01 02:00:00,2.75,12108,United Kingdom
536036,22752,Set 7 Babushka Nesting Boxes,12,2025-02-25 19:00:00,7.65,12053,United Kingdom
536037,22633,Hand Warmer Union Jack,9,2025-10-20 03:00:00,1.85,12155,United Kingdom
536037,84029G,Knitted Union Flag Hot Water Bottle,12,2024-06-07 12:00:00,3.39,12050,France
536037,22752,Set 7 Babushka Nesting Boxes,12,2024-08-04 03:00:00,7.65,12173,United Kingdom
536037,84029G,Knitted Union Flag Hot Water Bottle,11,2024-09-15 18:00:00,3.39,12110,Netherlands
536038,21730,Glass Star Frosted T-Light Holder,1,2024-07-17 03:00:00,4.25,12140,United Kingdom
536038,84029E,Red Woolly Hottie White Heart,5,2025-06-28 03:00:00,3.39,12093,United Kingdom
536038,22633,Hand Warmer Union Jack,5,2025-10-28 20:00:00,1.85,12090,Spain
536038,71053,White Metal Lantern,3,2024-10-31 05:00:00,3.39,12143,Spain
536039,22633,Hand Warmer Union Jack,7,2024-03-07 04:00:00,1.85,12155,Netherlands
536039,22752,Set 7 Babushka Nesting Boxes,5,2024-04-17 23:00:00,7.65,12174,United Kingdom
536039,22752,Set 7 Babushka Nesting Boxes,9,2024-05-14 13:00:00,7.65,12134,Germany
536039,84029E,Red Woolly Hottie White Heart,1,2024-02-27 12:00:00,3.39,12020,United Kingdom
536040,22633,Hand Warmer Union Jack,10,2025-06-11 16:00:00,1.85,12027,France
536040,22633,Hand Warmer Union Jack,10,2024-01-31 07:00:00,1.85,12122,United Kingdom
536040,22752,Set 7 Babushka Nesting Boxes,3,2024-05-23 21:00:00,7.65,12006,United Kingdom
536040,84406B,Cream Cupid Hearts Coat Hanger,9,2024-01-26 05:00:00,2.75,12065,Spain
536041,71053,White Metal Lantern,10,2024-06-12 17:00:00,3.39,12133,France
536041,22752,Set 7 Babushka Nesting Boxes,12,2025-02-23 12:00:00,7.65,12039,Spain
536041,84029G,Knitted Union Flag Hot Water Bottle,6,2024-11-27 11:00:00,3.39,,United Kingdom
536041,22752,Set 7 Babushka Nesting Boxes,7,2025-10-29 22:00:00,7.65,12010,United Kingdom
536042,84406B,Cream Cupid Hearts Coat Hanger,8,2024-06-04 14:00:00,2.75,12048,United Kingdom
536042,21730,Glass Star Frosted T-Light Holder,8,2024-01-23 15:00:00,4.25,12135,United Kingdom
536042,84029G,Knitted Union Flag Hot Water Bottle,7,2025-09-27 18:00:00,3.39,12008,France
536042,84029E,Red Woolly Hottie White Heart,4,2025-03-04 21:00:00,3.39,12133,United Kingdom
536043,21730,Glass Star Frosted T-Light Holder,12,2024-02-06 05:00:00,4.25,12148,United Kingdom
536043,84406B,Cream Cupid Hearts Coat Hanger,9,2025-05-18 10:00:00,2.75,12031,France
536043,71053,White Metal Lantern,9,2025-09-16 16:00:00,3.39,12043,United Kingdom
536043,71053,White Metal Lantern,2,2025-07-01 17:00:00,3.39,12106,Spain
536044,84029G,Knitted Union Flag Hot Water Bottle,4,2024-12-24 23:00:00,3.39,12013,France
536044,84406B,Cream Cupid Hearts Coat Hanger,9,2025-05-26 07:00:00,2.75,12068,United Kingdom
536044,84406B,Cream Cupid Hearts Coat Hanger,1,2024-06-07 06:00:00,2.75,12055,Netherlands
536044,85123A,White Hanging Heart T-Light Holder,6,2025-09-29 21:00:00,2.55,12177,Germany
536045,85123A,White Hanging Heart T-Light Holder,4,2025-10-19 16:00:00,2.55,12166,United Kingdom
536045,71053,White Metal Lantern,3,2024-03-30 18:00:00,3.39,12166,United Kingdom
536045,85123A,White Hanging Heart T-Light Holder,5,2024-02-29 20:00:00,2.55,12158,United Kingdom
536045,84029E,Red Woolly Hottie White Heart,2,2024-08-17 03:00:00,3.39,12179,United Kingdom
536046,84029G,Knitted Union Flag Hot Water Bottle,8,2025-04-25 22:00:00,3.39,12013,United Kingdom
536046,21730,Glass Star Frosted T-Light Holder,8,2024-11-27 03:00:00,4.25,12022,United Kingdom
536046,21730,Glass Star Frosted T-Light Holder,7,2024-05-02 08:00:00,4.25,12142,United Kingdom
536046,84406B,Cream Cupid Hearts Coat Hanger,3,2024-08-13 01:00:00,2.75,12060,United Kingdom
536047,22752,Set 7 Babushka Nesting Boxes,7,2024-08-18 23:00:00,7.65,12071,United Kingdom
536047,85123A,White Hanging Heart T-Light Holder,6,2024-06-27 05:00:00,2.55,12019,Spain
536047,84029G,Knitted Union Flag Hot Water Bottle,8,2024-07-22 17:00:00,3.39,12177,United Kingdom
536047,22752,Set 7 Babushka Nesting Boxes,3,2024-06-06 20:00:00,7.65,12126,United Kingdom
536048,21730,Glass Star Frosted T-Light Holder,2,2025-11-11 07:00:00,4.25,12178,United Kingdom
536048,22752,Set 7 Babushka Nesting Boxes,9,2024-04-23 22:00:00,7.65,12091,France
C536048,85123A,White Hanging Heart T-Light Holder,-11,2024-11-21 06:00:00,2.55,12064,United Kingdom
536048,84029G,Knitted Union Flag Hot Water Bottle,5,2024-09-02 14:00:00,3.39,12152,United Kingdom
536049,85123A,White Hanging Heart T-Light Holder,1,2024-08-27 23:00:00,2.55,12087,United Kingdom
536049,71053,White Metal Lantern,4,2025-10-06 00:00:00,3.39,12170,France
536049,84406B,Cream Cupid Hearts Coat Hanger,10,2025-10-15 02:00:00,2.75,12128,United Kingdom
536049,84406B,Cream Cupid Hearts Coat Hanger,1,2025-03-01 01:00:00,2.75,12156,United Kingdom
536050,84029E,Red Woolly Hottie White Heart,1,2025-02-07 18:00:00,3.39,12113,Netherlands
536050,21730,Glass Star Frosted T-Light Holder,11,2024-01-08 04:00:00,4.25,12160,United Kingdom
536050,71053,White Metal Lantern,2,2025-03-19 17:00:00,3.39,12058,United Kingdom
536050,71053,White Metal Lantern,7,2025-08-22 09:00:00,3.39,12070,France
536051,84029E,Red Woolly Hottie White Heart,5,2025-07-14 17:00:00,3.39,12114,United Kingdom
536051,22752,Set 7 Babushka Nesting Boxes,3,2024-02-12 03:00:00,7.65,12026,United Kingdom
536051,84029E,Red Woolly Hottie White Heart,12,2024-11-03 07:00:00,3.39,12103,Germany
536051,22752,Set 7 Babushka Nesting Boxes,3,2024-11-10 03:00:00,7.65,12025,United Kingdom
536052,22752,Set 7 Babushka Nesting Boxes,11,2025-06-23 02:00:00,7.65,12137,United Kingdom
536052,84029E,Red Woolly Hottie White Heart,9,2025-05-31 11:00:00,3.39,12137,United Kingdom
536052,22752,Set 7 Babushka Nesting Boxes,8,2024-08-28 02:00:00,7.65,12062,United Kingdom
536052,85123A,,12,2024-09-24 02:00:00,2.55,12159,United Kingdom
536053,21730,Glass Star Frosted T-Light Holder,11,2024-06-20 01:00:00,4.25,12148,United Kingdom
536053,21730,Glass Star Frosted T-Light Holder,11,2024-03-22 03:00:00,4.25,12127,United Kingdom
536053,85123A,White Hanging Heart T-Light Holder,10,2025-04-06 01:00:00,2.55,12131,United Kingdom
536053,21730,Glass Star Frosted T-Light Holder,4,2025-11-28 20:00:00,4.25,12176,United Kingdom
536054,22752,Set 7 Babushka Nesting Boxes,6,2024-10-28 11:00:00,7.65,12099,United Kingdom
536054,21730,Glass Star Frosted T-Light Holder,7,2025-05-12 14:00:00,4.25,12159,Germany
536054,84029G,Knitted Union Flag Hot Water Bottle,9,2025-05-31 07:00:00,3.39,12149,United Kingdom
536054,85123A,White Hanging Heart T-Light Holder,2,2024-10-21 07:00:00,2.55,12060,United Kingdom
536055,21730,Glass Star Frosted T-Light Holder,8,2025-08-17 20:00:00,4.25,12040,United Kingdom
536055,22752,Set 7 Babushka Nesting Boxes,1,2024-04-25 19:00:00,7.65,12139,Spain
536055,71053,White Metal Lantern,4,2024-06-17 10:00:00,3.39,12101,United Kingdom
536055,22752,Set 7 Babushka Nesting Boxes,11,2024-05-14 18:00:00,7.65,12132,United Kingdom
536056,22752,Set 7 Babushka Nesting Boxes,5,2024-05-12 09:00:00,7.65,12000,Netherlands
536056,22752,Set 7 Babushka Nesting Boxes,11,2025-09-21 15:00:00,7.65,12038,United Kingdom
536056,71053,White Metal Lantern,11,2024-09-17 16:00:00,3.39,12027,Germany
536056,22633,Hand Warmer Union Jack,6,2024-09-04 14:00:00,1.85,12152,United Kingdom
536057,22752,Set 7 Babushka Nesting Boxes,4,2025-08-28 16:00:00,7.65,12038,United Kingdom
536057,71053,White Metal Lantern,9,2024-06-28 02:00:00,3.39,12108,United Kingdom
536057,22633,Hand Warmer Union Jack,7,2025-08-26 12:00:00,1.85,12016,United Kingdom
536057,22633,Hand Warmer Union Jack,8,2024-05-14 21:00:00,1.85,12089,Spain
536058,21730,Glass Star Frosted T-Light Holder,3,2024-04-04 02:00:00,4.25,12109,United Kingdom
536058,84029G,Knitted Union Flag Hot Water Bottle,7,2025-04-23 07:00:00,3.39,12027,Spain
536058,85123A,White Hanging Heart T-Light Holder,3,2025-02-24 05:00:00,2.55,12154,United Kingdom
536058,21730,Glass Star Frosted T-Light Holder,2,2024-11-05 11:00:00,4.25,12177,United Kingdom
536059,71053,White Metal Lantern,7,2024-04-23 08:00:00,3.39,12162,United Kingdom
536059,84029E,Red Woolly Hottie White Heart,6,2025-02-28 15:00:00,3.39,12109,United Kingdom
536059,84406B,Cream Cupid Hearts Coat Hanger,9,2024-12-11 20:00:00,2.75,12107,United Kingdom
536059,84029E,Red Woolly Hottie White Heart,9,2025-01-31 11:00:00,3.39,12117,United Kingdom
536060,84029E,Red Woolly Hottie White Heart,4,2025-08-26 11:00:00,3.39,12151,United Kingdom
536060,84029E,Red Woolly Hottie White Heart,5,2024-05-30 23:00:00,3.39,12079,Germany
536060,84029G,Knitted Union Flag Hot Water Bottle,1,2025-04-06 07:00:00,3.39,12050,United Kingdom
536060,71053,White Metal Lantern,11,2025-07-08 15:00:00,3.39,12086,United Kingdom
536061,22633,Hand Warmer Union Jack,10,2024-05-25 17:00:00,1.85,12096,Spain
536061,21730,Glass Star Frosted T-Light Holder,11,2025-03-19 07:00:00,4.25,12115,United Kingdom
536061,22752,Set 7 Babushka Nesting Boxes,1,2025-06-11 19:00:00,7.65,12091,France
536061,84029E,Red Woolly Hottie White Heart,8,2025-05-07 02:00:00,3.39,12002,United Kingdom
536062,85123A,White Hanging Heart T-Light Holder,10,2025-02-05 16:00:00,2.55,12005,United Kingdom
536062,85123A,White Hanging Heart T-Light Holder,2,2025-08-12 19:00:00,2.55,,United Kingdom
536062,84029E,Red Woolly Hottie White Heart,12,2024-01-04 09:00:00,3.39,12065,United Kingdom
536062,85123A,White Hanging Heart T-Light Holder,2,2024-08-29 09:00:00,2.55,12058,United Kingdom
536063,22752,Set 7 Babushka Nesting Boxes,10,2025-09-15 02:00:00,7.65,12138,United Kingdom
536063,85123A,White Hanging Heart T-Light Holder,5,2024-05-27 22:00:00,2.55,12032,Germany
536063,84029G,Knitted Union Flag Hot Water Bottle,2,2024-04-01 13:00:00,3.39,12177,Netherlands
536063,71053,White Metal Lantern,10,2024-02-20 13:00:00,3.39,12099,United Kingdom
536064,85123A,White Hanging Heart T-Light Holder,5,2025-05-21 21:00:00,2.55,12104,United Kingdom
536064,22633,Hand Warmer Union Jack,4,2025-07-20 11:00:00,1.85,12013,United Kingdom
536064,84029E,Red Woolly Hottie White Heart,11,2024-08-13 14:00:00,3.39,12137,United Kingdom
536064,85123A,White Hanging Heart T-Light Holder,2,2025-07-17 15:00:00,2.55,12116,Germany
536065,22633,Hand Warmer Union Jack,11,2024-07-19 22:00:00,1.85,12162,France
536065,84029E,Red Woolly Hottie White Heart,2,2025-08-10 02:00:00,3.39,12032,United Kingdom
536065,22633,Hand Warmer Union Jack,9,2024-07-25 03:00:00,1.85,12159,United Kingdom
536065,84406B,Cream Cupid Hearts Coat Hanger,0,2024-02-12 17:00:00,2.75,12075,Germany
536066,84029G,Knitted Union Flag Hot Water Bottle,8,2024-04-15 13:00:00,3.39,12098,United Kingdom
536066,71053,White Metal Lantern,1,2024-05-06 22:00:00,3.39,12093,United Kingdom
536066,84029G,Knitted Union Flag Hot Water Bottle,4,2024-12-16 00:00:00,3.39,12087,United Kingdom
536066,71053,White Metal Lantern,9,2024-11-03 17:00:00,3.39,12018,United Kingdom
536067,22752,Set 7 Babushka Nesting Boxes,3,2024-07-23 16:00:00,7.65,12043,United Kingdom
536067,84029E,Red Woolly Hottie White Heart,11,2025-06-17 06:00:00,3.39,12030,United Kingdom
536067,22633,Hand Warmer Union Jack,6,2024-09-13 13:00:00,1.85,12048,France
536067,22752,Set 7 Babushka Nesting Boxes,8,2024-07-04 01:00:00,7.65,12016,United Kingdom
536068,84029E,Red Woolly Hottie White Heart,9,2025-04-16 13:00:00,3.39,12012,Germany
536068,84029G,Knitted Union Flag Hot Water Bottle,12,2025-10-09 03:00:00,3.39,12070,United Kingdom
536068,85123A,White Hanging Heart T-Light Holder,5,2025-01-01 13:00:00,2.55,12038,United Kingdom
536068,71053,White Metal Lantern,4,2024-06-18 00:00:00,3.39,12078,United Kingdom
536069,21730,Glass Star Frosted T-Light Holder,2,2025-03-08 01:00:00,4.25,12122,United Kingdom
536069,84406B,Cream Cupid Hearts Coat Hanger,12,2024-04-03 02:00:00,2.75,12012,United Kingdom
536069,21730,Glass Star Frosted T-Light Holder,2,2024-10-03 21:00:00,4.25,12051,Netherlands
536069,85123A,White Hanging Heart T-Light Holder,1,2024-10-03 05:00:00,2.55,12080,United Kingdom
536070,22752,Set 7 Babushka Nesting Boxes,2,2025-11-12 12:00:00,7.65,12064,Spain
536070,21730,Glass Star Frosted T-Light Holder,11,2024-10-26 04:00:00,4.25,12085,United Kingdom
536070,22633,Hand Warmer Union Jack,11,2025-08-08 23:00:00,1.85,12125,United Kingdom
536070,22752,Set 7 Babushka Nesting Boxes,6,2024-12-13 03:00:00,7.65,12051,United Kingdom
536071,22752,Set 7 Babushka Nesting Boxes,7,2024-04-20 18:00:00,7.65,12137,United Kingdom
536071,85123A,White Hanging Heart T-Light Holder,7,2024-03-12 18:00:00,2.55,12119,United Kingdom
536071,85123A,White Hanging Heart T-Light Holder,8,2025-10-08 05:00:00,2.55,12037,United Kingdom
536071,22752,Set 7 Babushka Nesting Boxes,2,2024-06-10 05:00:00,7.65,12067,United Kingdom
536072,84029G,Knitted Union Flag Hot Water Bottle,11,2025-01-15 06:00:00,3.39,12053,Spain
536072,22633,Hand Warmer Union Jack,11,2024-06-14 21:00:00,1.85,12002,United Kingdom
536072,22633,Hand Warmer Union Jack,6,2025-06-21 22:00:00,1.85,12044,Netherlands
C536072,84406B,Cream Cupid Hearts Coat Hanger,-4,2025-02-16 01:00:00,2.75,12179,United Kingdom
536073,21730,Glass Star Frosted T-Light Holder,5,2025-08-18 18:00:00,4.25,12108,United Kingdom
536073,84029G,Knitted Union Flag Hot Water Bottle,2,2025-05-28 13:00:00,3.39,12101,Germany
536073,84029G,Knitted Union Flag Hot Water Bottle,10,2025-10-30 22:00:00,3.39,12139,United Kingdom
536073,22752,Set 7 Babushka Nesting Boxes,12,2025-03-27 20:00:00,7.65,12061,United Kingdom
536074,84029G,Knitted Union Flag Hot Water Bottle,12,2024-09-12 03:00:00,3.39,12068,United Kingdom
536074,84406B,Cream Cupid Hearts Coat Hanger,4,2025-02-25 21:00:00,2.75,12057,United Kingdom
536074,22633,Hand Warmer Union Jack,8,2025-01-09 14:00:00,1.85,12010,Germany
536074,84029E,Red Woolly Hottie White Heart,12,2024-03-04 11:00:00,3.39,12023,United Kingdom
536075,22633,Hand Warmer Union Jack,6,2024-04-02 05:00:00,1.85,12178,France
536075,21730,Glass Star Frosted T-Light Holder,12,2025-07-26 07:00:00,4.25,12080,United Kingdom
536075,84029E,Red Woolly Hottie White Heart,2,2024-06-26 03:00:00,3.39,12014,United Kingdom
536075,22752,Set 7 Babushka Nesting Boxes,10,2024-11-04 17:00:00,7.65,12081,United Kingdom
536076,84029E,Red Woolly Hottie White Heart,1,2025-01-22 03:00:00,3.39,12173,Netherlands
536076,84029E,Red Woolly Hottie White Heart,8,2025-09-20 02:00:00,3.39,12071,Spain
536076,71053,White Metal Lantern,9,2024-12-29 08:00:00,3.39,12032,France
536076,21730,Glass Star Frosted T-Light Holder,1,2025-06-17 22:00:00,4.25,12045,Spain
536077,22752,Set 7 Babushka Nesting Boxes,7,2024-01-11 17:00:00,7.65,12143,France
536077,85123A,White Hanging Heart T-Light Holder,2,2024-01-23 01:00:00,2.55,12014,Spain
536077,85123A,White Hanging Heart T-Light Holder,11,2024-06-28 06:00:00,2.55,12080,United Kingdom
536077,22633,Hand Warmer Union Jack,1,2024-05-28 02:00:00,1.85,12004,United Kingdom
536078,85123A,White Hanging Heart T-Light Holder,4,2024-08-01 03:00:00,2.55,12152,United Kingdom
536078,84029G,Knitted Union Flag Hot Water Bottle,1,2025-09-10 19:00:00,3.39,12095,United Kingdom
536078,85123A,White Hanging Heart T-Light Holder,5,2025-11-18 20:00:00,2.55,12134,United Kingdom
536078,71053,White Metal Lantern,7,2024-04-16 07:00:00,3.39,12102,Netherlands
536079,84029E,Red Woolly Hottie White Heart,7,2025-04-30 16:00:00,3.39,12061,United Kingdom
536079,85123A,White Hanging Heart T-Light Holder,3,2024-12-01 06:00:00,2.55,12007,United Kingdom
536079,85123A,White Hanging Heart T-Light Holder,1,2024-01-08 23:00:00,2.55,12078,United Kingdom
536079,85123A,White Hanging Heart T-Light Holder,1,2024-08-15 21:00:00,2.55,12079,United Kingdom
536080,22633,Hand Warmer Union Jack,2,2025-11-03 19:00:00,1.85,12110,United Kingdom
536080,22752,Set 7 Babushka Nesting Boxes,3,2024-11-30 14:00:00,7.65,12151,Netherlands
536080,71053,White Metal Lantern,3,2025-08-24 14:00:00,3.39,12107,United Kingdom
536080,71053,White Metal Lantern,3,2025-09-05 17:00:00,3.39,12154,United Kingdom
536081,22752,Set 7 Babushka Nesting Boxes,8,2024-08-24 21:00:00,7.65,12154,United Kingdom
536081,84406B,Cream Cupid Hearts Coat Hanger,4,2025-11-25 09:00:00,2.75,12152,United Kingdom
536081,84029G,Knitted Union Flag Hot Water Bottle,4,2024-03-25 04:00:00,3.39,12125,Germany
536081,22633,Hand Warmer Union Jack,11,2025-11-30 15:00:00,1.85,12025,United Kingdom
536082,22752,Set 7 Babushka Nesting Boxes,9,2024-07-04 02:00:00,7.65,12030,Germany
536082,71053,White Metal Lantern,5,2024-02-01 22:00:00,3.39,12125,United Kingdom
536082,22633,Hand Warmer Union Jack,6,2024-12-21 00:00:00,1.85,12080,United Kingdom
536082,22752,Set 7 Babushka Nesting Boxes,1,2025-06-24 00:00:00,7.65,12108,Spain
536083,84029G,Knitted Union Flag Hot Water Bottle,6,2025-06-23 04:00:00,3.39,,United Kingdom
536083,84406B,Cream Cupid Hearts Coat Hanger,6,2025-09-25 15:00:00,2.75,12148,United Kingdom
536083,71053,White Metal Lantern,3,2024-06-11 08:00:00,3.39,12068,United Kingdom
536083,84406B,Cream Cupid Hearts Coat Hanger,7,2024-11-02 10:00:00,2.75,12067,Germany
536084,21730,Glass Star Frosted T-Light Holder,7,2024-08-20 08:00:00,4.25,12038,United Kingdom
536084,84406B,Cream Cupid Hearts Coat Hanger,1,2024-07-02 11:00:00,2.75,12135,United Kingdom
536084,84029E,Red Woolly Hottie White Heart,3,2024-07-30 15:00:00,3.39,12161,United Kingdom
536084,84029E,Red Woolly Hottie White Heart,3,2024-08-11 01:00:00,3.39,12103,United Kingdom
536085,22633,Hand Warmer Union Jack,12,2025-05-13 10:00:00,1.85,12006,United Kingdom
536085,85123A,White Hanging Heart T-Light Holder,11,2025-09-06 08:00:00,2.55,12030,United Kingdom
536085,71053,White Metal Lantern,6,2025-09-23 21:00:00,3.39,12030,Netherlands
536085,85123A,White Hanging Heart T-Light Holder,2,2024-11-11 18:00:00,2.55,12059,France
536086,84406B,Cream Cupid Hearts Coat Hanger,6,2025-06-08 18:00:00,2.75,12045,United Kingdom
536086,21730,Glass Star Frosted T-Light Holder,12,2025-10-04 20:00:00,4.25,12049,United Kingdom
536086,84406B,Cream Cupid Hearts Coat Hanger,8,2024-02-15 04:00:00,2.75,12101,United Kingdom
536086,84406B,Cream Cupid Hearts Coat Hanger,2,2025-07-04 07:00:00,2.75,12176,United Kingdom
536087,84406B,Cream Cupid Hearts Coat Hanger,2,2025-04-17 00:00:00,2.75,12048,United Kingdom
536087,22633,Hand Warmer Union Jack,1,2024-08-15 14:00:00,1.85,12005,United Kingdom
536087,21730,Glass Star Frosted T-Light Holder,12,2025-06-20 08:00:00,4.25,12148,United Kingdom
536087,22752,Set 7 Babushka Nesting Boxes,4,2024-10-29 16:00:00,7.65,12066,United Kingdom
536088,84029E,Red Woolly Hottie White Heart,7,2025-03-14 00:00:00,3.39,12081,United Kingdom
536088,84029G,Knitted Union Flag Hot Water Bottle,12,2024-06-12 01:00:00,3.39,12092,United Kingdom
536088,85123A,White Hanging Heart T-Light Holder,7,2025-10-23 20:00:00,2.55,12049,Spain
536088,22633,Hand Warmer Union Jack,2,2024-06-18 12:00:00,1.85,12165,United Kingdom
536089,84029E,Red Woolly Hottie White Heart,4,2025-05-14 22:00:00,3.39,12060,United Kingdom
536089,22752,Set 7 Babushka Nesting Boxes,9,2024-02-18 14:00:00,7.65,12093,United Kingdom
536089,21730,Glass Star Frosted T-Light Holder,9,2024-05-24 04:00:00,4.25,12004,United Kingdom
536089,84029G,Knitted Union Flag Hot Water Bottle,2,2024-04-14 10:00:00,3.39,12099,United Kingdom
536090,85123A,White Hanging Heart T-Light Holder,3,2025-04-24 07:00:00,2.55,12045,United Kingdom
536090,71053,White Metal Lantern,6,2024-01-03 20:00:00,3.39,12040,United Kingdom
536090,71053,White Metal Lantern,2,2024-07-06 15:00:00,3.39,12069,United Kingdom
536090,84029E,Red Woolly Hottie White Heart,2,2024-10-15 18:00:00,3.39,12130,United Kingdom
536091,85123A,White Hanging Heart T-Light Holder,9,2024-10-19 17:00:00,2.55,12034,Spain
536091,21730,Glass Star Frosted T-Light Holder,12,2024-03-31 04:00:00,4.25,12162,Germany
536091,22752,Set 7 Babushka Nesting Boxes,3,2024-06-27 20:00:00,7.65,12029,United Kingdom
536091,84029G,Knitted Union Flag Hot Water Bottle,12,2025-05-30 18:00:00,3.39,12133,United Kingdom
536092,22633,Hand Warmer Union Jack,8,2024-03-04 06:00:00,1.85,12101,United Kingdom
536092,85123A,White Hanging Heart T-Light Holder,6,2024-08-22 07:00:00,2.55,12078,United Kingdom
536092,21730,Glass Star Frosted T-Light Holder,9,2025-03-20 02:00:00,4.25,12176,United Kingdom
536092,84406B,Cream Cupid Hearts Coat Hanger,5,2025-09-02 23:00:00,2.75,12035,United Kingdom
536093,71053,White Metal Lantern,11,2025-10-31 15:00:00,3.39,12040,United Kingdom
536093,22633,Hand Warmer Union Jack,7,2024-02-24 06:00:00,1.85,12102,United Kingdom
536093,22633,Hand Warmer Union Jack,2,2024-11-07 00:00:00,1.85,12057,United Kingdom
536093,85123A,White Hanging Heart T-Light Holder,11,2025-04-10 06:00:00,2.55,12092,United Kingdom
536094,21730,Glass Star Frosted T-Light Holder,6,2024-01-16 00:00:00,4.25,12116,United Kingdom
536094,85123A,White Hanging Heart T-Light Holder,6,2024-12-28 01:00:00,2.55,12109,United Kingdom
536094,84029G,Knitted Union Flag Hot Water Bottle,4,2025-09-28 01:00:00,3.39,12130,Netherlands
536094,84406B,Cream Cupid Hearts Coat Hanger,7,2025-10-23 08:00:00,2.75,12139,United Kingdom
536095,85123A,White Hanging Heart T-Light Holder,10,2025-07-02 05:00:00,2.55,12153,United Kingdom
536095,84029E,Red Woolly Hottie White Heart,7,2025-02-20 23:00:00,3.39,12153,France
536095,85123A,White Hanging Heart T-Light Holder,4,2024-09-01 02:00:00,2.55,12117,United Kingdom
536095,21730,Glass Star Frosted T-Light Holder,9,2024-06-23 09:00:00,4.25,12062,Germany
536096,21730,Glass Star Frosted T-Light Holder,11,2025-10-14 03:00:00,4.25,12001,United Kingdom
536096,21730,Glass Star Frosted T-Light Holder,6,2025-07-12 19:00:00,4.25,12020,France
536096,85123A,White Hanging Heart T-Light Holder,8,2024-08-27 04:00:00,2.55,12143,United Kingdom
536096,84029G,Knitted Union Flag Hot Water Bottle,10,2024-08-21 16:00:00,3.39,12110,France
C536097,85123A,White Hanging Heart T-Light Holder,-10,2025-08-26 03:00:00,2.55,12160,United Kingdom
536097,22752,Set 7 Babushka Nesting Boxes,4,2025-11-10 23:00:00,7.65,12157,United Kingdom
536097,85123A,White Hanging Heart T-Light Holder,1,2025-11-13 16:00:00,2.55,12145,United Kingdom
536097,85123A,White Hanging Heart T-Light Holder,1,2025-11-26 21:00:00,2.55,12045,Germany
536098,84406B,Cream Cupid Hearts Coat Hanger,1,2024-01-24 09:00:00,2.75,12126,Netherlands
536098,21730,Glass Star Frosted T-Light Holder,10,2024-12-22 21:00:00,4.25,12037,United Kingdom
536098,22633,Hand Warmer Union Jack,9,2024-03-11 05:00:00,1.85,12036,United Kingdom
536098,84406B,Cream Cupid Hearts Coat Hanger,5,2024-10-24 00:00:00,2.75,12068,United Kingdom
536099,22633,Hand Warmer Union Jack,8,2025-08-03 14:00:00,1.85,12069,Netherlands
536099,21730,Glass Star Frosted T-Light Holder,5,2024-08-14 10:00:00,4.25,12053,United Kingdom
536099,71053,White Metal Lantern,7,2025-10-10 05:00:00,3.39,12178,Netherlands
536099,22633,Hand Warmer Union Jack,10,2024-04-25 22:00:00,1.85,12040,United Kingdom
536100,22752,Set 7 Babushka Nesting Boxes,4,2025-02-13 04:00:00,7.65,12074,United Kingdom
536100,21730,Glass Star Frosted T-Light Holder,8,2025-04-24 11:00:00,4.25,12034,Germany
536100,71053,White Metal Lantern,9,2024-02-18 15:00:00,3.39,12151,France
536100,84029G,Knitted Union Flag Hot Water Bottle,3,2024-06-23 01:00:00,3.39,12018,France
536101,21730,Glass Star Frosted T-Light Holder,9,2024-08-02 20:00:00,4.25,12106,Spain
536101,84406B,Cream Cupid Hearts Coat Hanger,8,2024-10-27 17:00:00,2.75,12022,United Kingdom
536101,71053,White Metal Lantern,3,2025-01-08 05:00:00,3.39,12144,France
536101,22633,Hand Warmer Union Jack,2,2024-02-07 20:00:00,1.85,12095,Netherlands
536102,84406B,Cream Cupid Hearts Coat Hanger,11,2025-05-25 23:00:00,2.75,12158,United Kingdom
536102,84406B,Cream Cupid Hearts Coat Hanger,1,2025-02-05 21:00:00,2.75,12125,United Kingdom
536102,21730,Glass Star Frosted T-Light Holder,6,2025-11-15 06:00:00,4.25,12126,United Kingdom
536102,71053,White Metal Lantern,8,2025-07-06 04:00:00,3.39,12178,United Kingdom
536103,22752,Set 7 Babushka Nesting Boxes,3,2024-02-17 12:00:00,7.65,12110,United Kingdom
536103,84029E,Red Woolly Hottie White Heart,6,2024-04-06 21:00:00,3.39,12000,United Kingdom
536103,22752,Set 7 Babushka Nesting Boxes,10,2025-07-15 05:00:00,7.65,12073,United Kingdom
536103,21730,Glass Star Frosted T-Light Holder,6,2025-01-23 12:00:00,4.25,,United Kingdom
536104,85123A,White Hanging Heart T-Light Holder,1,2025-01-01 19:00:00,2.55,12117,United Kingdom
536104,22752,Set 7 Babushka Nesting Boxes,2,2024-06-09 01:00:00,7.65,12072,Spain
536104,71053,White Metal Lantern,4,2024-03-28 16:00:00,3.39,12060,France
536104,22752,Set 7 Babushka Nesting Boxes,7,2024-12-18 08:00:00,7.65,12010,France
536105,85123A,White Hanging Heart T-Light Holder,9,2025-09-26 05:00:00,2.55,12050,United Kingdom
536105,71053,White Metal Lantern,10,2025-07-29 01:00:00,3.39,12084,United Kingdom
536105,85123A,,2,2024-06-05 22:00:00,2.55,12015,United Kingdom
536105,22752,Set 7 Babushka Nesting Boxes,12,2024-12-25 09:00:00,7.65,12073,United Kingdom
536106,71053,White Metal Lantern,6,2025-04-29 18:00:00,3.39,12026,Netherlands
536106,22752,Set 7 Babushka Nesting Boxes,12,2024-12-04 00:00:00,7.65,12171,United Kingdom
536106,84406B,Cream Cupid Hearts Coat Hanger,2,2024-08-22 20:00:00,2.75,12012,United Kingdom
536106,85123A,White Hanging Heart T-Light Holder,11,2024-08-12 14:00:00,2.55,12156,Netherlands
536107,71053,White Metal Lantern,9,2025-11-19 12:00:00,3.39,12164,United Kingdom
536107,85123A,White Hanging Heart T-Light Holder,5,2025-03-28 11:00:00,2.55,12149,United Kingdom
536107,71053,White Metal Lantern,5,2024-10-29 03:00:00,3.39,12045,United Kingdom
536107,84029G,Knitted Union Flag Hot Water Bottle,4,2025-06-06 11:00:00,3.39,12164,United Kingdom
536108,22633,Hand Warmer Union Jack,10,2024-05-11 12:00:00,1.85,12081,United Kingdom
536108,22752,Set 7 Babushka Nesting Boxes,5,2025-01-02 02:00:00,7.65,12036,United Kingdom
536108,84029E,Red Woolly Hottie White Heart,12,2024-01-17 02:00:00,3.39,12130,United Kingdom
536108,84029E,Red Woolly Hottie White Heart,10,2024-03-03 00:00:00,3.39,12128,France
536109,22752,Set 7 Babushka Nesting Boxes,6,2025-04-28 08:00:00,7.65,12133,Netherlands
536109,84406B,Cream Cupid Hearts Coat Hanger,6,2025-01-07 01:00:00,2.75,12046,United Kingdom
536109,21730,Glass Star Frosted T-Light Holder,2,2025-07-29 20:00:00,4.25,12133,United Kingdom
536109,84029E,Red Woolly Hottie White Heart,1,2025-04-15 06:00:00,3.39,12165,United Kingdom
536110,84029G,Knitted Union Flag Hot Water Bottle,6,2025-05-09 03:00:00,3.39,12126,United Kingdom
536110,84029E,Red Woolly Hottie White Heart,3,2025-06-11 01:00:00,3.39,12106,United Kingdom
536110,71053,White Metal Lantern,11,2024-10-12 18:00:00,3.39,12078,United Kingdom
536110,22633,Hand Warmer Union Jack,10,2025-01-08 15:00:00,1.85,12020,United Kingdom
536111,85123A,White Hanging Heart T-Light Holder,8,2025-09-20 16:00:00,2.55,12070,United Kingdom
536111,21730,Glass Star Frosted T-Light Holder,4,2025-07-06 04:00:00,4.25,12172,United Kingdom
536111,71053,White Metal Lantern,9,2025-02-25 06:00:00,3.39,12002,France
536111,84029E,Red Woolly Hottie White Heart,2,2025-08-11 19:00:00,3.39,12133,Germany
536112,84029G,Knitted Union Flag Hot Water Bottle,11,2024-12-11 13:00:00,3.39,12166,United Kingdom
536112,21730,Glass Star Frosted T-Light Holder,10,2025-03-05 01:00:00,4.25,12162,United Kingdom
536112,84029G,Knitted Union Flag Hot Water Bottle,2,2024-09-14 13:00:00,3.39,12069,Germany
536112,22752,Set 7 Babushka Nesting Boxes,5,2024-05-31 11:00:00,7.65,12103,United Kingdom
536113,22633,Hand Warmer Union Jack,6,2025-08-21 17:00:00,1.85,12097,United Kingdom
536113,22633,Hand Warmer Union Jack,3,2025-01-16 17:00:00,1.85,12176,United Kingdom
536113,21730,Glass Star Frosted T-Light Holder,5,2024-08-21 03:00:00,4.25,12019,Germany
536113,85123A,White Hanging Heart T-Light Holder,3,2025-01-01 17:00:00,2.55,12128,United Kingdom
536114,84406B,Cream Cupid Hearts Coat Hanger,11,2024-01-31 12:00:00,2.75,12085,France
536114,22752,Set 7 Babushka Nesting Boxes,11,2025-08-29 12:00:00,7.65,12119,United Kingdom
536114,22633,Hand Warmer Union Jack,7,2025-11-05 07:00:00,1.85,12132,United Kingdom
536114,21730,Glass Star Frosted T-Light Holder,11,2025-10-31 06:00:00,4.25,12030,United Kingdom
536115,22752,Set 7 Babushka Nesting Boxes,6,2025-04-08 00:00:00,7.65,12125,United Kingdom
536115,85123A,White Hanging Heart T-Light Holder,12,2025-05-06 02:00:00,2.55,12095,Spain
536115,84029E,Red Woolly Hottie White Heart,11,2024-09-18 01:00:00,3.39,12135,Netherlands
536115,21730,Glass Star Frosted T-Light Holder,8,2025-11-05 17:00:00,4.25,12015,United Kingdom
536116,84029G,Knitted Union Flag Hot Water Bottle,2,2024-09-13 00:00:00,3.39,12100,United Kingdom
536116,84029E,Red Woolly Hottie White Heart,9,2024-04-02 12:00:00,3.39,12116,United Kingdom
536116,84029E,Red Woolly Hottie White Heart,9,2025-07-10 06:00:00,3.39,12051,United Kingdom
536116,85123A,White Hanging Heart T-Light Holder,4,2024-01-19 04:00:00,2.55,12035,United Kingdom
536117,71053,White Metal Lantern,8,2024-07-07 11:00:00,3.39,12043,United Kingdom
536117,84029G,Knitted Union Flag Hot Water Bottle,6,2025-04-10 13:00:00,3.39,12116,United Kingdom
536117,85123A,White Hanging Heart T-Light Holder,8,2025-09-29 20:00:00,2.55,12125,United Kingdom
536117,22752,Set 7 Babushka Nesting Boxes,12,2025-04-26 19:00:00,7.65,12077,United Kingdom
536118,71053,White Metal Lantern,1,2025-06-10 04:00:00,3.39,12028,United Kingdom
536118,84406B,Cream Cupid Hearts Coat Hanger,10,2024-09-18 03:00:00,2.75,12054,United Kingdom
536118,71053,White Metal Lantern,8,2025-03-05 12:00:00,3.39,12071,France
536118,84029E,Red Woolly Hottie White Heart,4,2024-06-12 07:00:00,3.39,12081,United Kingdom
536119,84029G,Knitted Union Flag Hot Water Bottle,8,2025-09-10 20:00:00,3.39,12162,United Kingdom
536119,21730,Glass Star Frosted T-Light Holder,8,2025-02-22 05:00:00,4.25,12178,United Kingdom
536119,84029E,Red Woolly Hottie White Heart,8,2024-07-08 01:00:00,3.39,12050,United Kingdom
536119,84406B,Cream Cupid Hearts Coat Hanger,5,2024-07-04 21:00:00,2.75,12094,Spain
536120,22633,Hand Warmer Union Jack,8,2024-11-05 09:00:00,1.85,12029,United Kingdom
536120,22633,Hand Warmer Union Jack,5,2024-01-19 23:00:00,1.85,12064,United Kingdom
536120,85123A,White Hanging Heart T-Light Holder,10,2025-01-15 22:00:00,2.55,12106,United Kingdom
536120,84406B,Cream Cupid Hearts Coat Hanger,5,2024-06-16 00:00:00,2.75,12052,Spain
536121,84029G,Knitted Union Flag Hot Water Bottle,4,2024-05-07 13:00:00,3.39,12086,Germany
C536121,84029G,Knitted Union Flag Hot Water Bottle,-9,2025-01-31 05:00:00,3.39,12025,United Kingdom
536121,22752,Set 7 Babushka Nesting Boxes,8,2025-02-03 06:00:00,7.65,12072,United Kingdom
536121,22752,Set 7 Babushka Nesting Boxes,9,2025-06-23 05:00:00,7.65,12097,United Kingdom
536122,22633,Hand Warmer Union Jack,2,2025-05-11 13:00:00,1.85,12034,United Kingdom
536122,84406B,Cream Cupid Hearts Coat Hanger,1,2024-07-14 05:00:00,2.75,12076,United Kingdom
536122,71053,White Metal Lantern,2,2025-06-13 18:00:00,3.39,12173,United Kingdom
536122,22752,Set 7 Babushka Nesting Boxes,9,2025-05-04 20:00:00,7.65,12060,Netherlands
536123,85123A,White Hanging Heart T-Light Holder,3,2024-04-12 01:00:00,2.55,12120,United Kingdom
536123,22752,Set 7 Babushka Nesting Boxes,3,2025-06-27 14:00:00,7.65,12138,United Kingdom
536123,84029E,Red Woolly Hottie White Heart,7,2025-03-17 23:00:00,3.39,12005,United Kingdom
536123,84029G,Knitted Union Flag Hot Water Bottle,1,2024-02-19 16:00:00,3.39,12004,United Kingdom
536124,84029E,Red Woolly Hottie White Heart,7,2025-05-13 11:00:00,3.39,12083,Spain
536124,22633,Hand Warmer Union Jack,3,2024-08-19 19:00:00,1.85,12179,United Kingdom
536124,84029E,Red Woolly Hottie White Heart,9,2024-11-11 14:00:00,3.39,,United Kingdom
536124,84406B,Cream Cupid Hearts Coat Hanger,3,2025-04-13 15:00:00,2.75,12102,United Kingdom
536125,85123A,White Hanging Heart T-Light Holder,9,2024-08-22 00:00:00,2.55,12150,United Kingdom
536125,84029E,Red Woolly Hottie White Heart,4,2025-04-10 05:00:00,3.39,12000,Germany
536125,85123A,White Hanging Heart T-Light Holder,12,2024-06-05 11:00:00,2.55,12108,Netherlands
536125,84406B,Cream Cupid Hearts Coat Hanger,3,2025-05-20 01:00:00,2.75,12112,United Kingdom
536126,22752,Set 7 Babushka Nesting Boxes,5,2024-11-21 18:00:00,7.65,12143,France
536126,84029E,Red Woolly Hottie White Heart,8,2025-02-25 00:00:00,3.39,12068,United Kingdom
536126,71053,White Metal Lantern,10,2025-03-12 14:00:00,3.39,12144,Netherlands
536126,22752,Set 7 Babushka Nesting Boxes,10,2024-09-17 01:00:00,7.65,12162,France
536127,84406B,Cream Cupid Hearts Coat Hanger,10,2024-04-28 18:00:00,2.75,12138,United Kingdom
536127,84029G,Knitted Union Flag Hot Water Bottle,12,2024-05-04 20:00:00,3.39,12104,United Kingdom
536127,22633,Hand Warmer Union Jack,4,2024-12-02 14:00:00,1.85,12002,United Kingdom
536127,84406B,Cream Cupid Hearts Coat Hanger,7,2024-01-11 03:00:00,2.75,12130,United Kingdom
536128,21730,Glass Star Frosted T-Light Holder,1,2024-06-04 08:00:00,4.25,12083,Spain
536128,84029G,Knitted Union Flag Hot Water Bottle,12,2025-10-08 14:00:00,3.39,12169,United Kingdom
536128,84406B,Cream Cupid Hearts Coat Hanger,6,2024-09-09 10:00:00,2.75,12061,France
536128,22633,Hand Warmer Union Jack,6,2024-11-19 07:00:00,1.85,12176,United Kingdom
536129,22633,Hand Warmer Union Jack,4,2025-11-14 23:00:00,1.85,12006,United Kingdom
536129,85123A,White Hanging Heart T-Light Holder,9,2024-08-02 04:00:00,2.55,12098,United Kingdom
536129,84029G,Knitted Union Flag Hot Water Bottle,3,2025-01-09 03:00:00,3.39,12107,Germany
536129,22752,Set 7 Babushka Nesting Boxes,3,2025-02-06 20:00:00,7.65,12126,Spain
536130,21730,Glass Star Frosted T-Light Holder,11,2024-01-16 15:00:00,4.25,12141,United Kingdom
536130,71053,White Metal Lantern,1,2024-05-20 07:00:00,3.39,12074,United Kingdom
536130,21730,Glass Star Frosted T-Light Holder,2,2024-07-05 07:00:00,4.25,12070,United Kingdom
536130,71053,White Metal Lantern,6,2024-04-13 19:00:00,3.39,12038,United Kingdom
536131,22752,Set 7 Babushka Nesting Boxes,8,2025-09-02 19:00:00,7.65,12102,France
536131,22752,Set 7 Babushka Nesting Boxes,11,2025-07-09 21:00:00,7.65,12039,United Kingdom
536131,71053,White Metal Lantern,0,2025-04-19 15:00:00,3.39,12130,United Kingdom
536131,84029G,Knitted Union Flag Hot Water Bottle,9,2024-08-03 13:00:00,3.39,12056,United Kingdom
536132,85123A,White Hanging Heart T-Light Holder,8,2024-02-21 01:00:00,2.55,12121,United Kingdom
536132,84029G,Knitted Union Flag Hot Water Bottle,2,2025-04-13 04:00:00,3.39,12114,United Kingdom
536132,21730,Glass Star Frosted T-Light Holder,1,2025-06-23 07:00:00,4.25,12030,United Kingdom
536132,22633,Hand Warmer Union Jack,7,2025-01-01 11:00:00,1.85,12077,Netherlands
536133,22633,Hand Warmer Union Jack,9,2025-11-12 23:00:00,1.85,12061,United Kingdom
536133,71053,White Metal Lantern,8,2025-08-13 03:00:00,3.39,12116,United Kingdom
536133,84029G,Knitted Union Flag Hot Water Bottle,5,2024-09-18 08:00:00,3.39,12032,United Kingdom
536133,21730,Glass Star Frosted T-Light Holder,12,2024-02-29 09:00:00,4.25,12096,United Kingdom
536134,84029G,Knitted Union Flag Hot Water Bottle,8,2024-12-30 10:00:00,3.39,12085,France
536134,84029E,Red Woolly Hottie White Heart,2,2025-01-20 12:00:00,3.39,12084,United Kingdom
536134,84029G,Knitted Union Flag Hot Water Bottle,4,2024-09-13 17:00:00,3.39,12162,United Kingdom
536134,84029G,Knitted Union Flag Hot Water Bottle,7,2025-06-15 16:00:00,3.39,12171,United Kingdom
536135,84029G,Knitted Union Flag Hot Water Bottle,1,2024-12-17 03:00:00,3.39,12078,United Kingdom
536135,71053,White Metal Lantern,2,2024-11-17 03:00:00,3.39,12129,United Kingdom
536135,22633,Hand Warmer Union Jack,9,2024-03-12 17:00:00,1.85,12047,United Kingdom
536135,85123A,White Hanging Heart T-Light Holder,11,2025-02-27 10:00:00,2.55,12163,United Kingdom
536136,22752,Set 7 Babushka Nesting Boxes,4,2024-05-21 06:00:00,7.65,12046,United Kingdom
536136,22633,Hand Warmer Union Jack,1,2025-11-16 18:00:00,1.85,12119,United Kingdom
536136,84029E,Red Woolly Hottie White Heart,5,2024-10-01 03:00:00,3.39,12177,Spain
536136,71053,White Metal Lantern,8,2025-07-27 11:00:00,3.39,12059,France
536137,22752,Set 7 Babushka Nesting Boxes,2,2025-11-09 05:00:00,7.65,12047,United Kingdom
536137,22752,Set 7 Babushka Nesting Boxes,6,2025-03-16 21:00:00,7.65,12161,France
536137,21730,Glass Star Frosted T-Light Holder,6,2025-08-23 16:00:00,4.25,12028,United Kingdom
536137,22633,Hand Warmer Union Jack,3,2024-02-25 10:00:00,1.85,12106,United Kingdom
536138,71053,White Metal Lantern,3,2024-08-28 04:00:00,3.39,12015,United Kingdom
536138,84406B,Cream Cupid Hearts Coat Hanger,8,2025-09-23 10:00:00,2.75,12152,United Kingdom
536138,22633,Hand Warmer Union Jack,11,2025-06-19 17:00:00,1.85,12109,Netherlands
536138,22633,Hand Warmer Union Jack,2,2025-10-22 08:00:00,1.85,12096,France
536139,71053,White Metal Lantern,7,2024-05-16 00:00:00,3.39,12069,United Kingdom
536139,84029E,Red Woolly Hottie White Heart,1,2024-10-15 06:00:00,3.39,12158,Germany
536139,22633,Hand Warmer Union Jack,10,2025-10-01 11:00:00,1.85,12176,United Kingdom
536139,21730,Glass Star Frosted T-Light Holder,3,2025-02-19 06:00:00,4.25,12034,United Kingdom
536140,85123A,White Hanging Heart T-Light Holder,1,2025-09-01 14:00:00,2.55,12064,United Kingdom
536140,84029E,Red Woolly Hottie White Heart,11,2024-02-11 10:00:00,3.39,12140,United Kingdom
536140,84406B,Cream Cupid Hearts Coat Hanger,7,2025-04-17 00:00:00,2.75,12154,Netherlands
536140,85123A,White Hanging Heart T-Light Holder,5,2025-11-07 19:00:00,2.55,12055,Spain
536141,84029E,Red Woolly Hottie White Heart,5,2024-07-22 16:00:00,3.39,12003,United Kingdom
536141,71053,White Metal Lantern,10,2024-03-05 05:00:00,3.39,12108,United Kingdom
536141,84029G,Knitted Union Flag Hot Water Bottle,9,2025-03-05 01:00:00,3.39,12108,United Kingdom
536141,71053,White Metal Lantern,12,2024-03-04 17:00:00,3.39,12152,United Kingdom
536142,85123A,White Hanging Heart T-Light Holder,9,2025-07-12 20:00:00,2.55,12115,Germany
536142,84029G,Knitted Union Flag Hot Water Bottle,8,2024-03-01 19:00:00,3.39,12086,United Kingdom
536142,22633,Hand Warmer Union Jack,12,2024-05-25 05:00:00,1.85,12151,United Kingdom
536142,84406B,Cream Cupid Hearts Coat Hanger,7,2024-09-03 13:00:00,2.75,12179,United Kingdom
536143,84406B,Cream Cupid Hearts Coat Hanger,2,2025-09-02 06:00:00,2.75,12169,France
536143,85123A,White Hanging Heart T-Light Holder,8,2025-11-21 04:00:00,2.55,12141,France
536143,84029E,Red Woolly Hottie White Heart,6,2024-06-28 18:00:00,3.39,12067,United Kingdom
536143,84029E,Red Woolly Hottie White Heart,12,2024-06-23 14:00:00,3.39,12082,United Kingdom
536144,22752,Set 7 Babushka Nesting Boxes,1,2024-12-17 04:00:00,7.65,12160,Spain
536144,22752,Set 7 Babushka Nesting Boxes,2,2025-08-21 21:00:00,7.65,12147,United Kingdom
536144,85123A,White Hanging Heart T-Light Holder,5,2025-01-26 20:00:00,2.55,12050,United Kingdom
536144,71053,White Metal Lantern,8,2024-04-24 18:00:00,3.39,12039,United Kingdom
536145,84029G,Knitted Union Flag Hot Water Bottle,10,2025-04-07 22:00:00,3.39,12159,United Kingdom
536145,71053,White Metal Lantern,12,2024-08-30 09:00:00,3.39,,United Kingdom
C536145,85123A,White Hanging Heart T-Light Holder,-5,2024-06-03 07:00:00,2.55,12129,United Kingdom
536145,22752,Set 7 Babushka Nesting Boxes,3,2025-10-15 14:00:00,7.65,12072,United Kingdom
536146,22752,Set 7 Babushka Nesting Boxes,4,2024-02-15 10:00:00,7.65,12009,United Kingdom
536146,84406B,Cream Cupid Hearts Coat Hanger,12,2025-11-01 17:00:00,2.75,12156,Germany
536146,22633,Hand Warmer Union Jack,6,2025-02-23 19:00:00,1.85,12115,United Kingdom
536146,22633,Hand Warmer Union Jack,9,2024-02-19 17:00:00,1.85,12021,United Kingdom
536147,85123A,White Hanging Heart T-Light Holder,9,2024-03-01 15:00:00,2.55,12025,United Kingdom
536147,84029G,Knitted Union Flag Hot Water Bottle,3,2024-10-07 14:00:00,3.39,12008,United Kingdom
536147,22752,Set 7 Babushka Nesting Boxes,5,2025-11-13 02:00:00,7.65,12127,United Kingdom
536147,84029G,Knitted Union Flag Hot Water Bottle,8,2024-08-06 12:00:00,3.39,12109,Germany
536148,22633,Hand Warmer Union Jack,11,2024-02-20 01:00:00,1.85,12044,United Kingdom
536148,22752,Set 7 Babushka Nesting Boxes,4,2024-04-02 10:00:00,7.65,12051,United Kingdom
536148,71053,White Metal Lantern,5,2024-09-28 00:00:00,3.39,12079,United Kingdom
536148,21730,Glass Star Frosted T-Light Holder,1,2024-05-04 15:00:00,4.25,12008,Netherlands
536149,71053,White Metal Lantern,3,2024-03-09 13:00:00,3.39,12160,United Kingdom
536149,21730,Glass Star Frosted T-Light Holder,7,2024-07-20 14:00:00,4.25,12029,Germany
536149,22752,Set 7 Babushka Nesting Boxes,6,2024-11-15 21:00:00,7.65,12144,United Kingdom
536149,84406B,Cream Cupid Hearts Coat Hanger,6,2025-11-04 20:00:00,2.75,12005,United Kingdom
536150,85123A,White Hanging Heart T-Light Holder,2,2025-07-13 00:00:00,2.55,12064,United Kingdom
536150,21730,Glass Star Frosted T-Light Holder,2,2025-08-04 05:00:00,4.25,12032,United Kingdom
536150,84406B,Cream Cupid Hearts Coat Hanger,5,2024-05-02 09:00:00,2.75,12146,United Kingdom
536150,71053,White Metal Lantern,2,2025-06-07 01:00:00,3.39,12069,United Kingdom
536151,84406B,Cream Cupid Hearts Coat Hanger,1,2024-08-18 03:00:00,2.75,12053,France
536151,22752,Set 7 Babushka Nesting Boxes,11,2024-11-29 18:00:00,7.65,12129,United Kingdom
536151,22633,Hand Warmer Union Jack,2,2024-09-14 04:00:00,1.85,12096,United Kingdom
536151,84406B,Cream Cupid Hearts Coat Hanger,9,2024-05-28 20:00:00,2.75,12084,United Kingdom
536152,85123A,White Hanging Heart T-Light Holder,3,2025-02-06 00:00:00,2.55,12145,France
536152,84406B,Cream Cupid Hearts Coat Hanger,5,2024-08-06 18:00:00,2.75,12077,Spain
536152,84029E,Red Woolly Hottie White Heart,4,2024-11-09 10:00:00,3.39,12030,United Kingdom
536152,22633,Hand Warmer Union Jack,12,2024-07-28 03:00:00,1.85,12120,United Kingdom
536153,84029G,Knitted Union Flag Hot Water Bottle,12,2025-09-07 07:00:00,3.39,12085,France
536153,21730,Glass Star Frosted T-Light Holder,2,2025-03-19 00:00:00,4.25,12156,United Kingdom
536153,22752,Set 7 Babushka Nesting Boxes,6,2024-06-10 15:00:00,7.65,12036,Germany
536153,71053,White Metal Lantern,2,2025-07-15 02:00:00,3.39,12028,United Kingdom
536154,84406B,Cream Cupid Hearts Coat Hanger,9,2025-03-22 23:00:00,2.75,12162,United Kingdom
536154,71053,White Metal Lantern,12,2025-07-13 07:00:00,3.39,12082,United Kingdom
536154,71053,White Metal Lantern,7,2024-04-10 07:00:00,3.39,12028,Germany
536154,71053,White Metal Lantern,12,2025-06-22 08:00:00,3.39,12029,United Kingdom
536155,84029E,Red Woolly Hottie White Heart,6,2024-12-14 20:00:00,3.39,12089,United Kingdom
536155,22752,Set 7 Babushka Nesting Boxes,8,2024-09-15 13:00:00,7.65,12013,United Kingdom
536155,85123A,White Hanging Heart T-Light Holder,10,2024-10-27 05:00:00,2.55,12137,France
536155,84029E,Red Woolly Hottie White Heart,4,2025-02-25 10:00:00,3.39,12163,Netherlands
536156,71053,White Metal Lantern,11,2024-01-05 21:00:00,3.39,12026,United Kingdom
536156,71053,White Metal Lantern,5,2024-12-24 01:00:00,3.39,12122,United Kingdom
536156,84406B,Cream Cupid Hearts Coat Hanger,1,2024-02-12 07:00:00,2.75,12074,France
536156,84029E,Red Woolly Hottie White Heart,12,2024-03-26 23:00:00,3.39,12151,Spain
536157,85123A,White Hanging Heart T-Light Holder,6,2024-11-14 03:00:00,2.55,12172,United Kingdom
536157,85123A,White Hanging Heart T-Light Holder,2,2024-05-22 06:00:00,2.55,12144,Germany
536157,21730,Glass Star Frosted T-Light Holder,6,2024-03-21 12:00:00,4.25,12036,United Kingdom
536157,84029E,Red Woolly Hottie White Heart,7,2025-01-09 10:00:00,3.39,12134,United Kingdom
536158,84029G,Knitted Union Flag Hot Water Bottle,5,2025-09-20 14:00:00,3.39,12008,United Kingdom
536158,71053,,6,2025-02-12 18:00:00,3.39,12032,United Kingdom
536158,22633,Hand Warmer Union Jack,1,2024-11-11 05:00:00,1.85,12085,United Kingdom
536158,22752,Set 7 Babushka Nesting Boxes,7,2024-03-25 04:00:00,7.65,12037,United Kingdom
536159,71053,White Metal Lantern,1,2025-08-27 03:00:00,3.39,12141,United Kingdom
536159,84029G,Knitted Union Flag Hot Water Bottle,1,2024-01-17 15:00:00,3.39,12127,France
536159,85123A,White Hanging Heart T-Light Holder,12,2024-06-04 09:00:00,2.55,12165,United Kingdom
536159,84029G,Knitted Union Flag Hot Water Bottle,8,2024-05-13 19:00:00,3.39,12154,United Kingdom
536160,22633,Hand Warmer Union Jack,3,2024-06-18 10:00:00,1.85,12122,France
536160,84406B,Cream Cupid Hearts Coat Hanger,3,2025-03-11 13:00:00,2.75,12077,Germany
536160,84029E,Red Woolly Hottie White Heart,10,2025-01-14 13:00:00,3.39,12014,United Kingdom
536160,84029G,Knitted Union Flag Hot Water Bottle,11,2024-09-14 23:00:00,3.39,12022,United Kingdom
536161,85123A,White Hanging Heart T-Light Holder,1,2024-07-31 01:00:00,2.55,12176,United Kingdom
536161,84029E,Red Woolly Hottie White Heart,1,2024-06-07 10:00:00,3.39,12161,United Kingdom
536161,22752,Set 7 Babushka Nesting Boxes,11,2025-06-22 08:00:00,7.65,12052,United Kingdom
536161,21730,Glass Star Frosted T-Light Holder,7,2024-10-19 07:00:00,4.25,12030,United Kingdom
536162,84029E,Red Woolly Hottie White Heart,10,2025-05-02 11:00:00,3.39,12097,Netherlands
536162,21730,Glass Star Frosted T-Light Holder,11,2025-10-27 07:00:00,4.25,12172,United Kingdom
536162,22752,Set 7 Babushka Nesting Boxes,11,2025-09-19 05:00:00,7.65,12025,United Kingdom
536162,21730,Glass Star Frosted T-Light Holder,5,2024-06-23 13:00:00,4.25,12062,United Kingdom
536163,85123A,White Hanging Heart T-Light Holder,8,2024-06-24 11:00:00,2.55,12119,United Kingdom
536163,22752,Set 7 Babushka Nesting Boxes,8,2025-05-14 04:00:00,7.65,12082,Spain
536163,85123A,White Hanging Heart T-Light Holder,10,2024-02-14 07:00:00,2.55,12014,Germany
536163,84029G,Knitted Union Flag Hot Water Bottle,1,2025-01-30 19:00:00,3.39,12054,United Kingdom
536164,84029G,Knitted Union Flag Hot Water Bottle,6,2025-09-02 22:00:00,3.39,12038,Spain
536164,85123A,White Hanging Heart T-Light Holder,8,2025-08-31 02:00:00,2.55,12119,United Kingdom
536164,84029E,Red Woolly Hottie White Heart,5,2025-05-06 22:00:00,3.39,12004,United Kingdom
536164,84029G,Knitted Union Flag Hot Water Bottle,9,2025-04-09 08:00:00,3.39,12026,United Kingdom
536165,84029E,Red Woolly Hottie White Heart,12,2024-02-18 09:00:00,3.39,12019,United Kingdom
536165,84029E,Red Woolly Hottie White Heart,12,2025-10-05 03:00:00,3.39,12009,United Kingdom
536165,84406B,Cream Cupid Hearts Coat Hanger,3,2024-02-07 08:00:00,2.75,12141,United Kingdom
536165,22752,Set 7 Babushka Nesting Boxes,7,2024-03-24 19:00:00,7.65,12160,United Kingdom
536166,21730,Glass Star Frosted T-Light Holder,4,2025-05-16 17:00:00,4.25,,United Kingdom
536166,84406B,Cream Cupid Hearts Coat Hanger,11,2025-11-15 13:00:00,2.75,12105,Spain
536166,22752,Set 7 Babushka Nesting Boxes,12,2025-09-17 23:00:00,7.65,12168,United Kingdom
536166,84029G,Knitted Union Flag Hot Water Bottle,1,2024-05-25 11:00:00,3.39,12095,United Kingdom
536167,71053,White Metal Lantern,7,2025-05-31 22:00:00,3.39,12117,Germany
536167,85123A,White Hanging Heart T-Light Holder,6,2025-07-11 06:00:00,2.55,12037,United Kingdom
536167,71053,White Metal Lantern,12,2024-03-15 22:00:00,3.39,12112,United Kingdom
536167,21730,Glass Star Frosted T-Light Holder,10,2025-06-19 20:00:00,4.25,12169,United Kingdom
536168,21730,Glass Star Frosted T-Light Holder,5,2024-07-03 11:00:00,4.25,12141,United Kingdom
536168,21730,Glass Star Frosted T-Light Holder,9,2024-10-21 01:00:00,4.25,12084,United Kingdom
536168,84406B,Cream Cupid Hearts Coat Hanger,8,2025-05-10 19:00:00,2.75,12086,United Kingdom
536168,84029G,Knitted Union Flag Hot Water Bottle,5,2025-07-22 00:00:00,3.39,12150,Germany
536169,85123A,White Hanging Heart T-Light Holder,3,2025-11-02 13:00:00,2.55,12054,Germany
536169,21730,Glass Star Frosted T-Light Holder,11,2024-11-18 01:00:00,4.25,12019,United Kingdom
536169,22752,Set 7 Babushka Nesting Boxes,11,2024-04-14 20:00:00,7.65,12124,Netherlands
C536169,84029E,Red Woolly Hottie White Heart,-3,2024-06-10 17:00:00,3.39,12065,United Kingdom
536170,84029E,Red Woolly Hottie White Heart,8,2025-05-22 23:00:00,3.39,12135,United Kingdom
536170,84406B,Cream Cupid Hearts Coat Hanger,12,2024-07-06 07:00:00,2.75,12172,France
536170,22752,Set 7 Babushka Nesting Boxes,4,2025-03-30 14:00:00,7.65,12154,United Kingdom
536170,84029G,Knitted Union Flag Hot Water Bottle,12,2024-07-11 05:00:00,3.39,12046,Germany
536171,84029G,Knitted Union Flag Hot Water Bottle,2,2025-04-10 08:00:00,3.39,12013,United Kingdom
536171,71053,White Metal Lantern,8,2024-01-16 19:00:00,3.39,12149,United Kingdom
536171,22633,Hand Warmer Union Jack,8,2024-07-12 00:00:00,1.85,12089,United Kingdom
536171,21730,Glass Star Frosted T-Light Holder,3,2025-01-04 04:00:00,4.25,12023,Germany
536172,21730,Glass Star Frosted T-Light Holder,2,2025-01-18 21:00:00,4.25,12059,Germany
536172,84029G,Knitted Union Flag Hot Water Bottle,12,2025-03-09 20:00:00,3.39,12178,United Kingdom
536172,21730,Glass Star Frosted T-Light Holder,6,2025-07-26 17:00:00,4.25,12065,United Kingdom
536172,85123A,White Hanging Heart T-Light Holder,6,2025-01-18 21:00:00,2.55,12083,United Kingdom
536173,22752,Set 7 Babushka Nesting Boxes,9,2024-12-30 18:00:00,7.65,12106,United Kingdom
536173,84406B,Cream Cupid Hearts Coat Hanger,4,2025-06-14 09:00:00,2.75,12162,United Kingdom
536173,84406B,Cream Cupid Hearts Coat Hanger,6,2025-06-03 03:00:00,2.75,12134,France
536173,84029E,Red Woolly Hottie White Heart,12,2025-03-06 05:00:00,3.39,12151,France
536174,22633,Hand Warmer Union Jack,2,2025-05-08 01:00:00,1.85,12052,United Kingdom
536174,84029E,Red Woolly Hottie White Heart,10,2025-06-14 07:00:00,3.39,12063,France
536174,21730,Glass Star Frosted T-Light Holder,4,2025-09-14 08:00:00,4.25,12102,United Kingdom
536174,85123A,White Hanging Heart T-Light Holder,1,2025-02-28 22:00:00,2.55,12108,United Kingdom
536175,84029G,Knitted Union Flag Hot Water Bottle,11,2025-08-10 20:00:00,3.39,12090,United Kingdom
536175,22752,Set 7 Babushka Nesting Boxes,3,2024-06-15 11:00:00,7.65,12099,United Kingdom
536175,71053,White Metal Lantern,3,2025-08-07 23:00:00,3.39,12007,United Kingdom
536175,71053,White Metal Lantern,10,2024-04-29 02:00:00,3.39,12122,France
536176,71053,White Metal Lantern,1,2025-03-24 02:00:00,3.39,12003,United Kingdom
536176,84029E,Red Woolly Hottie White Heart,10,2024-02-29 02:00:00,3.39,12006,United Kingdom
536176,71053,White Metal Lantern,5,2024-11-28 22:00:00,3.39,12039,United Kingdom
536176,84406B,Cream Cupid Hearts Coat Hanger,5,2024-01-17 02:00:00,2.75,12022,United Kingdom
536177,84029E,Red Woolly Hottie White Heart,1,2025-10-29 17:00:00,3.39,12083,France
536177,84029E,Red Woolly Hottie White Heart,5,2025-06-12 01:00:00,3.39,12171,United Kingdom
536177,71053,White Metal Lantern,10,2025-01-03 11:00:00,3.39,12098,United Kingdom
536177,84029G,Knitted Union Flag Hot Water Bottle,2,2025-01-13 12:00:00,3.39,12133,United Kingdom
536178,71053,White Metal Lantern,5,2024-11-06 16:00:00,3.39,12082,Netherlands
536178,84406B,Cream Cupid Hearts Coat Hanger,6,2025-02-13 05:00:00,2.75,12077,United Kingdom
536178,84406B,Cream Cupid Hearts Coat Hanger,2,2025-10-03 13:00:00,2.75,12024,United Kingdom
536178,84029E,Red Woolly Hottie White Heart,1,2025-03-11 13:00:00,3.39,12094,United Kingdom
536179,84406B,Cream Cupid Hearts Coat Hanger,1,2024-08-15 16:00:00,2.75,12072,United Kingdom
536179,84029E,Red Woolly Hottie White Heart,7,2025-10-28 07:00:00,3.39,12136,Spain
536179,85123A,White Hanging Heart T-Light Holder,2,2024-06-30 16:00:00,2.55,12031,United Kingdom
536179,22752,Set 7 Babushka Nesting Boxes,8,2025-09-24 21:00:00,7.65,12136,United Kingdom
536180,84029E,Red Woolly Hottie White Heart,9,2024-12-20 22:00:00,3.39,12096,United Kingdom
536180,21730,Glass Star Frosted T-Light Holder,8,2025-07-22 11:00:00,4.25,12028,Spain
536180,84029E,Red Woolly Hottie White Heart,2,2025-08-04 11:00:00,3.39,12163,Germany
536180,22752,Set 7 Babushka Nesting Boxes,10,2024-02-06 10:00:00,7.65,12109,United Kingdom
536181,22633,Hand Warmer Union Jack,5,2024-04-26 21:00:00,1.85,12131,United Kingdom
536181,22752,Set 7 Babushka Nesting Boxes,2,2024-01-30 17:00:00,7.65,12010,France
536181,84029E,Red Woolly Hottie White Heart,7,2025-07-05 21:00:00,3.39,12083,Netherlands
536181,84029E,Red Woolly Hottie White Heart,11,2025-06-18 01:00:00,3.39,12177,United Kingdom
536182,22752,Set 7 Babushka Nesting Boxes,8,2024-12-07 19:00:00,7.65,12050,United Kingdom
536182,84029G,Knitted Union Flag Hot Water Bottle,3,2025-03-22 21:00:00,3.39,12118,United Kingdom
536182,71053,White Metal Lantern,3,2025-07-08 07:00:00,3.39,12157,Netherlands
536182,84029E,Red Woolly Hottie White Heart,8,2025-06-10 11:00:00,3.39,12103,United Kingdom
536183,85123A,White Hanging Heart T-Light Holder,12,2024-06-07 08:00:00,2.55,12167,Germany
536183,84029E,Red Woolly Hottie White Heart,9,2024-04-26 16:00:00,3.39,12105,Spain
536183,84406B,Cream Cupid Hearts Coat Hanger,5,2025-05-12 10:00:00,2.75,12016,France
536183,22633,Hand Warmer Union Jack,5,2024-02-13 13:00:00,1.85,12062,United Kingdom
536184,22633,Hand Warmer Union Jack,1,2025-11-15 00:00:00,1.85,12104,United Kingdom
536184,71053,White Metal Lantern,10,2024-11-18 04:00:00,3.39,12009,France
536184,84406B,Cream Cupid Hearts Coat Hanger,8,2024-07-19 02:00:00,2.75,12021,United Kingdom
536184,84029E,Red Woolly Hottie White Heart,4,2024-08-21 04:00:00,3.39,12168,Netherlands
536185,21730,Glass Star Frosted T-Light Holder,11,2025-07-26 18:00:00,4.25,12160,United Kingdom
536185,84029G,Knitted Union Flag Hot Water Bottle,11,2024-12-27 08:00:00,3.39,12099,United Kingdom
536185,22633,Hand Warmer Union Jack,1,2025-10-30 15:00:00,1.85,12093,Germany
536185,22752,Set 7 Babushka Nesting Boxes,5,2024-04-29 19:00:00,7.65,12005,Spain
536186,22752,Set 7 Babushka Nesting Boxes,1,2024-11-08 08:00:00,7.65,12126,United Kingdom
536186,84406B,Cream Cupid Hearts Coat Hanger,10,2024-11-11 06:00:00,2.75,12036,United Kingdom
536186,71053,White Metal Lantern,4,2025-11-13 21:00:00,3.39,12018,Germany
536186,85123A,White Hanging Heart T-Light Holder,12,2025-10-23 22:00:00,2.55,,Germany
536187,84029E,Red Woolly Hottie White Heart,11,2024-05-22 01:00:00,3.39,12124,United Kingdom
536187,21730,Glass Star Frosted T-Light Holder,9,2024-06-11 00:00:00,4.25,12050,United Kingdom
536187,22752,Set 7 Babushka Nesting Boxes,1,2024-10-14 02:00:00,7.65,12156,United Kingdom
536187,84406B,Cream Cupid Hearts Coat Hanger,4,2025-01-24 07:00:00,2.75,12006,United Kingdom
536188,22752,Set 7 Babushka Nesting Boxes,5,2025-09-08 10:00:00,7.65,12016,United Kingdom
536188,84029G,Knitted Union Flag Hot Water Bottle,6,2024-08-18 21:00:00,3.39,12159,United Kingdom
536188,84029E,Red Woolly Hottie White Heart,7,2024-04-20 02:00:00,3.39,12053,United Kingdom
536188,84406B,Cream Cupid Hearts Coat Hanger,8,2025-10-20 13:00:00,2.75,12172,United Kingdom
536189,21730,Glass Star Frosted T-Light Holder,3,2024-03-05 09:00:00,4.25,12123,United Kingdom
536189,22633,Hand Warmer Union Jack,8,2025-01-12 02:00:00,1.85,12177,United Kingdom
536189,22752,Set 7 Babushka Nesting Boxes,2,2024-09-08 12:00:00,7.65,12043,United Kingdom
536189,22752,Set 7 Babushka Nesting Boxes,12,2024-03-20 22:00:00,7.65,12125,United Kingdom
536190,22633,Hand Warmer Union Jack,4,2024-08-28 04:00:00,1.85,12099,United Kingdom
536190,84029E,Red Woolly Hottie White Heart,2,2025-03-16 18:00:00,3.39,12087,United Kingdom
536190,21730,Glass Star Frosted T-Light Holder,1,2024-02-10 10:00:00,4.25,12137,United Kingdom
536190,84406B,Cream Cupid Hearts Coat Hanger,12,2024-08-08 23:00:00,2.75,12044,United Kingdom
536191,84029E,Red Woolly Hottie White Heart,6,2025-03-19 03:00:00,3.39,12107,Spain
536191,22752,Set 7 Babushka Nesting Boxes,5,2024-12-24 21:00:00,7.65,12056,United Kingdom
536191,22752,Set 7 Babushka Nesting Boxes,4,2024-08-23 11:00:00,7.65,12024,United Kingdom
536191,84029E,Red Woolly Hottie White Heart,11,2024-07-11 22:00:00,3.39,12027,United Kingdom
536192,84029G,Knitted Union Flag Hot Water Bottle,3,2024-05-05 19:00:00,3.39,12176,France
536192,84029E,Red Woolly Hottie White Heart,6,2025-04-11 10:00:00,3.39,12101,United Kingdom
536192,84029G,Knitted Union Flag Hot Water Bottle,12,2024-07-15 01:00:00,3.39,12135,United Kingdom
536192,84406B,Cream Cupid Hearts Coat Hanger,9,2025-10-29 04:00:00,2.75,12056,United Kingdom
536193,22752,Set 7 Babushka Nesting Boxes,1,2024-08-26 23:00:00,7.65,12021,United Kingdom
536193,84406B,Cream Cupid Hearts Coat Hanger,3,2025-11-21 09:00:00,2.75,12042,United Kingdom
536193,85123A,White Hanging Heart T-Light Holder,8,2024-10-15 12:00:00,2.55,12168,United Kingdom
536193,21730,Glass Star Frosted T-Light Holder,11,2024-08-07 21:00:00,4.25,12082,United Kingdom
C536194,85123A,White Hanging Heart T-Light Holder,-4,2024-01-18 13:00:00,2.55,12087,France
536194,22752,Set 7 Babushka Nesting Boxes,6,2025-01-06 14:00:00,7.65,12174,United Kingdom
536194,85123A,White Hanging Heart T-Light Holder,9,2025-05-02 05:00:00,2.55,12078,United Kingdom
536194,84029G,Knitted Union Flag Hot Water Bottle,9,2024-11-19 10:00:00,3.39,12160,United Kingdom
536195,85123A,White Hanging Heart T-Light Holder,9,2024-05-15 22:00:00,2.55,12079,Netherlands
536195,84029E,Red Woolly Hottie White Heart,5,2024-10-18 19:00:00,3.39,12018,Netherlands
536195,85123A,White Hanging Heart T-Light Holder,8,2025-05-25 21:00:00,2.55,12109,United Kingdom
536195,21730,Glass Star Frosted T-Light Holder,5,2024-03-08 07:00:00,4.25,12100,United Kingdom
536196,21730,Glass Star Frosted T-Light Holder,2,2024-12-26 19:00:00,4.25,12122,United Kingdom
536196,84029E,Red Woolly Hottie White Heart,2,2025-01-22 07:00:00,3.39,12157,United Kingdom
536196,21730,Glass Star Frosted T-Light Holder,6,2024-07-09 17:00:00,4.25,12071,United Kingdom
536196,71053,White Metal Lantern,12,2024-09-21 13:00:00,3.39,12126,United Kingdom
536197,71053,White Metal Lantern,7,2025-08-25 02:00:00,3.39,12024,Netherlands
536197,71053,White Metal Lantern,0,2024-03-13 04:00:00,3.39,12086,United Kingdom
536197,21730,Glass Star Frosted T-Light Holder,1,2024-04-27 10:00:00,4.25,12043,Germany
536197,84029G,Knitted Union Flag Hot Water Bottle,2,2024-05-27 18:00:00,3.39,12016,Spain
536198,22752,Set 7 Babushka Nesting Boxes,5,2025-02-20 02:00:00,7.65,12159,France
536198,22633,Hand Warmer Union Jack,2,2024-04-04 02:00:00,1.85,12137,United Kingdom
536198,22633,Hand Warmer Union Jack,4,2024-01-15 12:00:00,1.85,12056,France
536198,21730,Glass Star Frosted T-Light Holder,10,2024-10-04 19:00:00,4.25,12064,United Kingdom
536199,84029E,Red Woolly Hottie White Heart,5,2025-06-03 00:00:00,3.39,12064,United Kingdom
536199,84029G,Knitted Union Flag Hot Water Bottle,8,2025-03-29 03:00:00,3.39,12001,United Kingdom
536199,21730,Glass Star Frosted T-Light Holder,3,2024-05-09 12:00:00,4.25,12000,United Kingdom
536199,71053,White Metal Lantern,5,2024-06-28 22:00:00,3.39,12025,Germany
536200,84406B,Cream Cupid Hearts Coat Hanger,11,2024-03-20 08:00:00,2.75,12088,United Kingdom
536200,22633,Hand Warmer Union Jack,9,2024-07-27 10:00:00,1.85,12060,Netherlands
536200,21730,Glass Star Frosted T-Light Holder,11,2024-09-21 09:00:00,4.25,12063,Spain
536200,21730,Glass Star Frosted T-Light Holder,9,2025-06-21 00:00:00,4.25,12116,France
536201,85123A,White Hanging Heart T-Light Holder,8,2024-04-13 02:00:00,2.55,12102,United Kingdom
536201,84029E,Red Woolly Hottie White Heart,3,2025-11-11 13:00:00,3.39,12005,Germany
536201,84029E,Red Woolly Hottie White Heart,2,2025-05-29 18:00:00,3.39,12170,United Kingdom
536201,22633,Hand Warmer Union Jack,3,2025-04-20 14:00:00,1.85,12129,Spain
536202,22633,Hand Warmer Union Jack,7,2025-08-19 10:00:00,1.85,12173,United Kingdom
536202,22633,Hand Warmer Union Jack,7,2025-01-15 11:00:00,1.85,12059,Netherlands
536202,84029E,Red Woolly Hottie White Heart,9,2024-06-15 08:00:00,3.39,12143,United Kingdom
536202,84029G,Knitted Union Flag Hot Water Bottle,10,2025-04-21 21:00:00,3.39,12056,France
536203,71053,White Metal Lantern,11,2025-07-29 13:00:00,3.39,12138,United Kingdom
536203,22752,Set 7 Babushka Nesting Boxes,5,2025-08-01 09:00:00,7.65,12072,United Kingdom
536203,84029G,Knitted Union Flag Hot Water Bottle,4,2025-02-07 11:00:00,3.39,12044,France
536203,85123A,White Hanging Heart T-Light Holder,4,2024-12-23 13:00:00,2.55,12013,United Kingdom
536204,84029E,Red Woolly Hottie White Heart,2,2024-11-27 11:00:00,3.39,12126,Spain
536204,22752,Set 7 Babushka Nesting Boxes,8,2024-08-06 22:00:00,7.65,12166,United Kingdom
536204,22633,Hand Warmer Union Jack,2,2024-03-28 03:00:00,1.85,12007,United Kingdom
536204,84029G,Knitted Union Flag Hot Water Bottle,7,2025-10-29 12:00:00,3.39,12043,United Kingdom
536205,84029G,Knitted Union Flag Hot Water Bottle,1,2025-02-26 15:00:00,3.39,12179,United Kingdom
536205,71053,White Metal Lantern,12,2025-08-04 08:00:00,3.39,12179,United Kingdom
536205,84029E,Red Woolly Hottie White Heart,2,2025-04-22 03:00:00,3.39,12080,France
536205,84029G,Knitted Union Flag Hot Water Bottle,12,2025-07-18 14:00:00,3.39,12164,France
536206,84029G,Knitted Union Flag Hot Water Bottle,6,2024-09-09 07:00:00,3.39,12079,United Kingdom
536206,85123A,White Hanging Heart T-Light Holder,9,2025-07-07 13:00:00,2.55,12136,United Kingdom
536206,71053,White Metal Lantern,11,2025-02-14 14:00:00,3.39,12080,United Kingdom
536206,22633,Hand Warmer Union Jack,12,2024-07-10 00:00:00,1.85,12025,United Kingdom
536207,84029E,Red Woolly Hottie White Heart,7,2024-07-14 21:00:00,3.39,12038,Netherlands
536207,85123A,White Hanging Heart T-Light Holder,3,2025-12-01 07:00:00,2.55,12032,Germany
536207,22752,Set 7 Babushka Nesting Boxes,2,2024-07-03 09:00:00,7.65,,United Kingdom
536207,84406B,Cream Cupid Hearts Coat Hanger,6,2024-12-09 20:00:00,2.75,12146,Germany
536208,84029G,Knitted Union Flag Hot Water Bottle,11,2025-02-05 11:00:00,3.39,12080,United Kingdom
536208,84029E,Red Woolly Hottie White Heart,7,2025-05-25 07:00:00,3.39,12170,United Kingdom
536208,84029G,Knitted Union Flag Hot Water Bottle,3,2024-11-16 08:00:00,3.39,12064,Germany
536208,84029G,Knitted Union Flag Hot Water Bottle,2,2025-02-21 23:00:00,3.39,12142,France
536209,22633,Hand Warmer Union Jack,7,2024-12-10 23:00:00,1.85,12167,United Kingdom
536209,71053,White Metal Lantern,6,2024-04-20 17:00:00,3.39,12132,France
536209,71053,White Metal Lantern,10,2025-06-26 22:00:00,3.39,12001,United Kingdom
536209,22633,Hand Warmer Union Jack,11,2024-06-08 13:00:00,1.85,12126,United Kingdom
536210,84406B,Cream Cupid Hearts Coat Hanger,10,2025-02-19 07:00:00,2.75,12168,United Kingdom
536210,21730,Glass Star Frosted T-Light Holder,5,2024-11-03 11:00:00,4.25,12152,United Kingdom
536210,84029E,Red Woolly Hottie White Heart,6,2025-07-21 23:00:00,3.39,12094,United Kingdom
536210,22633,Hand Warmer Union Jack,4,2025-08-26 18:00:00,1.85,12050,United Kingdom
536211,84406B,,7,2024-07-05 22:00:00,2.75,12014,United Kingdom
536211,84029G,Knitted Union Flag Hot Water Bottle,3,2024-09-28 21:00:00,3.39,12086,United Kingdom
536211,22752,Set 7 Babushka Nesting Boxes,2,2024-10-22 03:00:00,7.65,12082,United Kingdom
536211,84406B,Cream Cupid Hearts Coat Hanger,9,2024-12-30 18:00:00,2.75,12108,United Kingdom
536212,84029E,Red Woolly Hottie White Heart,3,2025-02-27 22:00:00,3.39,12141,United Kingdom
536212,22633,Hand Warmer Union Jack,4,2024-09-14 12:00:00,1.85,12063,United Kingdom
536212,84406B,Cream Cupid Hearts Coat Hanger,11,2024-08-12 11:00:00,2.75,12003,United Kingdom
536212,84406B,Cream Cupid Hearts Coat Hanger,12,2024-02-19 15:00:00,2.75,12008,United Kingdom
536213,22633,Hand Warmer Union Jack,9,2025-03-14 07:00:00,1.85,12020,United Kingdom
536213,22752,Set 7 Babushka Nesting Boxes,1,2025-02-04 13:00:00,7.65,12178,United Kingdom
536213,85123A,White Hanging Heart T-Light Holder,4,2025-09-26 15:00:00,2.55,12119,United Kingdom
536213,22633,Hand Warmer Union Jack,4,2024-07-15 00:00:00,1.85,12151,France
536214,22633,Hand Warmer Union Jack,2,2024-02-28 15:00:00,1.85,12006,United Kingdom
536214,22633,Hand Warmer Union Jack,2,2025-02-02 19:00:00,1.85,12085,United Kingdom
536214,21730,Glass Star Frosted T-Light Holder,9,2025-05-01 21:00:00,4.25,12049,United Kingdom
536214,85123A,White Hanging Heart T-Light Holder,5,2025-07-14 00:00:00,2.55,12003,United Kingdom
536215,22633,Hand Warmer Union Jack,3,2024-06-26 08:00:00,1.85,12089,United Kingdom
536215,21730,Glass Star Frosted T-Light Holder,12,2025-07-29 20:00:00,4.25,12138,United Kingdom
536215,85123A,White Hanging Heart T-Light Holder,4,2025-02-05 09:00:00,2.55,12126,France
536215,84029E,Red Woolly Hottie White Heart,6,2024-04-25 16:00:00,3.39,12054,United Kingdom
536216,71053,White Metal Lantern,4,2024-04-16 07:00:00,3.39,12073,United Kingdom
536216,84029G,Knitted Union Flag Hot Water Bottle,2,2025-07-26 00:00:00,3.39,12055,Germany
536216,84406B,Cream Cupid Hearts Coat Hanger,5,2024-11-05 16:00:00,2.75,12155,United Kingdom
536216,21730,Glass Star Frosted T-Light Holder,1,2024-03-15 11:00:00,4.25,12048,United Kingdom
536217,22752,Set 7 Babushka Nesting Boxes,8,2024-10-29 14:00:00,7.65,12100,United Kingdom
536217,22633,Hand Warmer Union Jack,6,2025-11-11 09:00:00,1.85,12092,United Kingdom
536217,22633,Hand Warmer Union Jack,1,2025-03-06 01:00:00,1.85,12038,United Kingdom
536217,84406B,Cream Cupid Hearts Coat Hanger,5,2024-10-08 13:00:00,2.75,12022,United Kingdom
536218,84029E,Red Woolly Hottie White Heart,9,2025-02-14 11:00:00,3.39,12055,Spain
C536218,22633,Hand Warmer Union Jack,-9,2025-02-08 01:00:00,1.85,12048,Netherlands
536218,84406B,Cream Cupid Hearts Coat Hanger,5,2025-04-14 23:00:00,2.75,12024,France
536218,21730,Glass Star Frosted T-Light Holder,9,2025-08-26 00:00:00,4.25,12047,United Kingdom
536219,84406B,Cream Cupid Hearts Coat Hanger,6,2025-01-29 23:00:00,2.75,12091,United Kingdom
536219,84029G,Knitted Union Flag Hot Water Bottle,8,2025-10-21 03:00:00,3.39,12052,Germany
536219,84029E,Red Woolly Hottie White Heart,1,2024-01-05 22:00:00,3.39,12171,United Kingdom
536219,85123A,White Hanging Heart T-Light Holder,10,2025-01-28 11:00:00,2.55,12074,Germany
536220,22633,Hand Warmer Union Jack,5,2024-05-05 08:00:00,1.85,12024,United Kingdom
536220,22633,Hand Warmer Union Jack,5,2025-03-13 14:00:00,1.85,12017,France
536220,22752,Set 7 Babushka Nesting Boxes,1,2025-11-12 17:00:00,7.65,12031,United Kingdom
536220,84029E,Red Woolly Hottie White Heart,2,2025-07-12 02:00:00,3.39,12116,United Kingdom
536221,85123A,White Hanging Heart T-Light Holder,2,2024-12-20 16:00:00,2.55,12066,United Kingdom
536221,84406B,Cream Cupid Hearts Coat Hanger,6,2024-07-17 17:00:00,2.75,12091,United Kingdom
536221,21730,Glass Star Frosted T-Light Holder,10,2024-06-11 00:00:00,4.25,12066,United Kingdom
536221,84029G,Knitted Union Flag Hot Water Bottle,12,2024-03-19 10:00:00,3.39,12118,France
536222,84029G,Knitted Union Flag Hot Water Bottle,10,2025-02-14 12:00:00,3.39,12111,United Kingdom
536222,84406B,Cream Cupid Hearts Coat Hanger,9,2025-08-23 17:00:00,2.75,12082,Spain
536222,22752,Set 7 Babushka Nesting Boxes,9,2025-11-06 14:00:00,7.65,12075,United Kingdom
536222,84406B,Cream Cupid Hearts Coat Hanger,7,2025-02-19 12:00:00,2.75,12085,United Kingdom
536223,84406B,Cream Cupid Hearts Coat Hanger,5,2024-05-17 18:00:00,2.75,12085,United Kingdom
536223,22633,Hand Warmer Union Jack,7,2025-01-16 17:00:00,1.85,12015,Netherlands
536223,21730,Glass Star Frosted T-Light Holder,5,2025-10-29 09:00:00,4.25,12045,Spain
536223,22752,Set 7 Babushka Nesting Boxes,2,2024-04-08 19:00:00,7.65,12089,United Kingdom
536224,22633,Hand Warmer Union Jack,12,2025-10-05 17:00:00,1.85,12069,Spain
536224,22633,Hand Warmer Union Jack,8,2025-04-19 02:00:00,1.85,12134,United Kingdom
536224,84029G,Knitted Union Flag Hot Water Bottle,3,2025-07-27 13:00:00,3.39,12038,United Kingdom
536224,22752,Set 7 Babushka Nesting Boxes,2,2024-11-11 01:00:00,7.65,12169,United Kingdom
536225,84029E,Red Woolly Hottie White Heart,8,2024-10-26 00:00:00,3.39,12043,United Kingdom
536225,84029G,Knitted Union Flag Hot Water Bottle,11,2025-05-19 02:00:00,3.39,12048,United Kingdom
536225,84029G,Knitted Union Flag Hot Water Bottle,5,2024-06-18 09:00:00,3.39,12055,United Kingdom
536225,22752,Set 7 Babushka Nesting Boxes,6,2024-03-04 07:00:00,7.65,12175,United Kingdom
536226,84406B,Cream Cupid Hearts Coat Hanger,3,2025-11-09 19:00:00,2.75,12146,United Kingdom
536226,22633,Hand Warmer Union Jack,10,2025-06-05 20:00:00,1.85,12115,United Kingdom
536226,22752,Set 7 Babushka Nesting Boxes,12,2025-02-05 16:00:00,7.65,12094,United Kingdom
536226,84406B,Cream Cupid Hearts Coat Hanger,3,2025-04-28 15:00:00,2.75,12174,United Kingdom
536227,22633,Hand Warmer Union Jack,3,2025-08-30 21:00:00,1.85,12021,United Kingdom
536227,22633,Hand Warmer Union Jack,1,2024-06-25 09:00:00,1.85,12017,Germany
536227,85123A,White Hanging Heart T-Light Holder,3,2024-09-19 07:00:00,2.55,12149,France
536227,84029G,Knitted Union Flag Hot Water Bottle,6,2025-08-26 05:00:00,3.39,12026,United Kingdom
536228,22633,Hand Warmer Union Jack,5,2025-06-08 18:00:00,1.85,12092,United Kingdom
536228,85123A,White Hanging Heart T-Light Holder,1,2025-04-21 19:00:00,2.55,,United Kingdom
536228,22633,Hand Warmer Union Jack,7,2024-05-01 18:00:00,1.85,12155,France
536228,71053,White Metal Lantern,10,2024-03-28 10:00:00,3.39,12021,United Kingdom
536229,22633,Hand Warmer Union Jack,10,2024-10-06 18:00:00,1.85,12150,United Kingdom
536229,22752,Set 7 Babushka Nesting Boxes,4,2024-06-17 19:00:00,7.65,12024,United Kingdom
536229,22752,Set 7 Babushka Nesting Boxes,8,2025-10-06 12:00:00,7.65,12027,United Kingdom
536229,22752,Set 7 Babushka Nesting Boxes,11,2024-06-06 07:00:00,7.65,12101,United Kingdom
536230,21730,Glass Star Frosted T-Light Holder,7,2024-09-29 01:00:00,4.25,12047,United Kingdom
536230,84029E,Red Woolly Hottie White Heart,6,2024-04-18 04:00:00,3.39,12086,Germany
536230,22633,Hand Warmer Union Jack,3,2024-09-19 08:00:00,1.85,12011,United Kingdom
536230,84406B,Cream Cupid Hearts Coat Hanger,4,2025-03-28 16:00:00,2.75,12034,France
536231,85123A,White Hanging Heart T-Light Holder,9,2025-01-24 19:00:00,2.55,12115,United Kingdom
536231,84029E,Red Woolly Hottie White Heart,1,2025-10-10 19:00:00,3.39,12113,United Kingdom
536231,84406B,Cream Cupid Hearts Coat Hanger,9,2025-09-09 19:00:00,2.75,12081,United Kingdom
536231,22633,Hand Warmer Union Jack,4,2024-04-23 00:00:00,1.85,12060,United Kingdom
536232,21730,Glass Star Frosted T-Light Holder,1,2024-09-22 05:00:00,4.25,12019,United Kingdom
536232,84029E,Red Woolly Hottie White Heart,6,2025-07-08 15:00:00,3.39,12125,United Kingdom
536232,22752,Set 7 Babushka Nesting Boxes,5,2024-03-21 16:00:00,7.65,12127,United Kingdom
536232,22633,Hand Warmer Union Jack,8,2024-02-09 11:00:00,1.85,12131,United Kingdom
536233,21730,Glass Star Frosted T-Light Holder,12,2024-06-01 23:00:00,4.25,12064,United Kingdom
536233,85123A,White Hanging Heart T-Light Holder,4,2025-09-17 13:00:00,2.55,12079,Netherlands
536233,84406B,Cream Cupid Hearts Coat Hanger,12,2025-07-29 14:00:00,2.75,12092,United Kingdom
536233,71053,White Metal Lantern,6,2025-10-06 06:00:00,3.39,12024,Netherlands
536234,85123A,White Hanging Heart T-Light Holder,12,2025-03-20 03:00:00,2.55,12119,United Kingdom
536234,71053,White Metal Lantern,7,2025-02-01 13:00:00,3.39,12038,United Kingdom
536234,21730,Glass Star Frosted T-Light Holder,12,2025-10-01 13:00:00,4.25,12102,United Kingdom
536234,84029G,Knitted Union Flag Hot Water Bottle,8,2025-08-09 10:00:00,3.39,12008,United Kingdom
536235,84406B,Cream Cupid Hearts Coat Hanger,1,2025-10-24 16:00:00,2.75,12079,United Kingdom
536235,71053,White Metal Lantern,8,2025-07-17 22:00:00,3.39,12126,United Kingdom
536235,84029G,Knitted Union Flag Hot Water Bottle,10,2025-11-02 20:00:00,3.39,12153,United Kingdom
536235,21730,Glass Star Frosted T-Light Holder,4,2025-08-15 13:00:00,4.25,12116,Spain
536236,84029G,Knitted Union Flag Hot Water Bottle,8,2025-03-03 20:00:00,3.39,12133,United Kingdom
536236,84029E,Red Woolly Hottie White Heart,3,2025-10-11 11:00:00,3.39,12122,United Kingdom
536236,84406B,Cream Cupid Hearts Coat Hanger,3,2025-01-08 08:00:00,2.75,12108,United Kingdom
536236,85123A,White Hanging Heart T-Light Holder,4,2025-03-26 08:00:00,2.55,12173,United Kingdom
536237,85123A,White Hanging Heart T-Light Holder,5,2025-04-26 04:00:00,2.55,12051,United Kingdom
536237,84029G,Knitted Union Flag Hot Water Bottle,9,2024-01-22 16:00:00,3.39,12033,United Kingdom
536237,71053,White Metal Lantern,11,2024-07-15 07:00:00,3.39,12020,United Kingdom
536237,85123A,White Hanging Heart T-Light Holder,1,2025-05-03 01:00:00,2.55,12111,United Kingdom
536238,85123A,White Hanging Heart T-Light Holder,9,2024-01-11 16:00:00,2.55,12032,United Kingdom
536238,21730,Glass Star Frosted T-Light Holder,5,2024-06-19 13:00:00,4.25,12034,United Kingdom
536238,22752,Set 7 Babushka Nesting Boxes,3,2024-11-21 12:00:00,7.65,12102,France
536238,22752,Set 7 Babushka Nesting Boxes,3,2024-05-26 04:00:00,7.65,12061,France
536239,85123A,White Hanging Heart T-Light Holder,7,2025-01-08 00:00:00,2.55,12149,Netherlands
536239,22633,Hand Warmer Union Jack,4,2025-01-09 16:00:00,1.85,12127,United Kingdom
536239,21730,Glass Star Frosted T-Light Holder,2,2025-07-28 09:00:00,4.25,12112,United Kingdom
536239,22752,Set 7 Babushka Nesting Boxes,3,2025-05-18 03:00:00,7.65,12177,United Kingdom
536240,21730,Glass Star Frosted T-Light Holder,2,2025-06-30 21:00:00,4.25,12127,United Kingdom
536240,71053,White Metal Lantern,2,2025-10-10 12:00:00,3.39,12083,United Kingdom
536240,21730,Glass Star Frosted T-Light Holder,4,2024-05-13 01:00:00,4.25,12176,Spain
536240,22752,Set 7 Babushka Nesting Boxes,6,2024-05-14 14:00:00,7.65,12170,United Kingdom
536241,21730,Glass Star Frosted T-Light Holder,3,2024-12-23 06:00:00,4.25,12155,United Kingdom
536241,84029G,Knitted Union Flag Hot Water Bottle,4,2025-10-28 04:00:00,3.39,12138,Spain
536241,22752,Set 7 Babushka Nesting Boxes,3,2024-01-17 12:00:00,7.65,12032,Netherlands
536241,22633,Hand Warmer Union Jack,8,2025-10-05 16:00:00,1.85,12123,Netherlands
536242,84029E,Red Woolly Hottie White Heart,3,2025-06-24 05:00:00,3.39,12014,United Kingdom
536242,22752,Set 7 Babushka Nesting Boxes,4,2025-04-06 05:00:00,7.65,12064,Germany
C536242,22633,Hand Warmer Union Jack,-2,2024-04-14 02:00:00,1.85,12174,United Kingdom
536242,71053,White Metal Lantern,3,2025-08-29 02:00:00,3.39,12090,United Kingdom
536243,21730,Glass Star Frosted T-Light Holder,1,2024-10-01 15:00:00,4.25,12113,Germany
536243,22752,Set 7 Babushka Nesting Boxes,5,2024-05-02 03:00:00,7.65,12047,United Kingdom
536243,85123A,White Hanging Heart T-Light Holder,12,2024-10-05 12:00:00,2.55,12141,United Kingdom
536243,84029G,Knitted Union Flag Hot Water Bottle,3,2024-03-26 16:00:00,3.39,12059,United Kingdom
536244,21730,Glass Star Frosted T-Light Holder,8,2025-10-03 15:00:00,4.25,12009,United Kingdom
536244,84029E,Red Woolly Hottie White Heart,1,2025-10-13 01:00:00,3.39,12024,United Kingdom
536244,22752,Set 7 Babushka Nesting Boxes,10,2024-01-31 08:00:00,7.65,12126,Germany
536244,84029E,Red Woolly Hottie White Heart,1,2025-01-25 08:00:00,3.39,12005,Netherlands
536245,84406B,Cream Cupid Hearts Coat Hanger,12,2025-11-26 10:00:00,2.75,12058,France
536245,21730,Glass Star Frosted T-Light Holder,8,2024-11-09 20:00:00,4.25,12110,United Kingdom
536245,21730,Glass Star Frosted T-Light Holder,1,2025-06-18 22:00:00,4.25,12017,United Kingdom
536245,22633,Hand Warmer Union Jack,11,2024-06-20 06:00:00,1.85,12177,United Kingdom
536246,22633,Hand Warmer Union Jack,10,2024-03-09 04:00:00,1.85,12005,United Kingdom
536246,84406B,Cream Cupid Hearts Coat Hanger,6,2025-04-08 23:00:00,2.75,12110,United Kingdom
536246,22752,Set 7 Babushka Nesting Boxes,3,2025-03-26 21:00:00,7.65,12150,Germany
536246,84029E,Red Woolly Hottie White Heart,12,2025-03-30 12:00:00,3.39,12030,United Kingdom
536247,22633,Hand Warmer Union Jack,5,2024-11-28 15:00:00,1.85,12017,United Kingdom
536247,85123A,White Hanging Heart T-Light Holder,3,2024-11-18 06:00:00,2.55,12062,United Kingdom
536247,22633,Hand Warmer Union Jack,2,2025-08-12 19:00:00,1.85,12026,United Kingdom
536247,84029E,Red Woolly Hottie White Heart,8,2025-08-09 00:00:00,3.39,12044,United Kingdom
536248,84029G,Knitted Union Flag Hot Water Bottle,10,2024-02-08 12:00:00,3.39,12072,United Kingdom
536248,85123A,White Hanging Heart T-Light Holder,5,2024-03-29 00:00:00,2.55,12163,Netherlands
536248,84029G,Knitted Union Flag Hot Water Bottle,3,2024-07-07 20:00:00,3.39,12081,United Kingdom
536248,22752,Set 7 Babushka Nesting Boxes,9,2024-12-10 15:00:00,7.65,12023,United Kingdom
536249,84029G,Knitted Union Flag Hot Water Bottle,12,2025-02-07 02:00:00,3.39,,United Kingdom
536249,22752,Set 7 Babushka Nesting Boxes,11,2025-09-11 15:00:00,7.65,12097,Germany
536249,21730,Glass Star Frosted T-Light Holder,10,2024-10-17 20:00:00,4.25,12094,France
536249,22752,Set 7 Babushka Nesting Boxes,1,2024-10-12 11:00:00,7.65,12168,United Kingdom
536250,71053,White Metal Lantern,7,2024-05-23 09:00:00,3.39,12171,France
536250,22752,Set 7 Babushka Nesting Boxes,11,2025-11-07 15:00:00,7.65,12129,United Kingdom
536250,71053,White Metal Lantern,2,2025-05-13 08:00:00,3.39,12084,United Kingdom
536250,85123A,White Hanging Heart T-Light Holder,6,2024-07-22 14:00:00,2.55,12044,United Kingdom
536251,22633,Hand Warmer Union Jack,11,2024-12-19 05:00:00,1.85,12011,Germany
536251,85123A,White Hanging Heart T-Light Holder,3,2024-12-21 20:00:00,2.55,12104,United Kingdom
536251,22752,Set 7 Babushka Nesting Boxes,5,2025-02-13 03:00:00,7.65,12028,United Kingdom
536251,22752,Set 7 Babushka Nesting Boxes,1,2024-12-14 13:00:00,7.65,12086,Spain
536252,84029G,Knitted Union Flag Hot Water Bottle,1,2024-09-19 20:00:00,3.39,12063,United Kingdom
536252,84029G,Knitted Union Flag Hot Water Bottle,11,2025-11-30 12:00:00,3.39,12040,Netherlands
536252,84406B,Cream Cupid Hearts Coat Hanger,7,2025-06-26 14:00:00,2.75,12172,United Kingdom
536252,22633,Hand Warmer Union Jack,6,2025-11-13 13:00:00,1.85,12119,United Kingdom
536253,22633,Hand Warmer Union Jack,10,2024-06-01 23:00:00,1.85,12178,United Kingdom
536253,84029G,Knitted Union Flag Hot Water Bottle,12,2024-07-30 15:00:00,3.39,12091,United Kingdom
536253,85123A,White Hanging Heart T-Light Holder,7,2025-06-09 08:00:00,2.55,12090,United Kingdom
536253,84029E,Red Woolly Hottie White Heart,11,2024-12-09 21:00:00,3.39,12148,United Kingdom
536254,22752,Set 7 Babushka Nesting Boxes,11,2025-06-19 23:00:00,7.65,12130,United Kingdom
536254,22752,Set 7 Babushka Nesting Boxes,9,2024-10-21 03:00:00,7.65,12158,United Kingdom
536254,22752,Set 7 Babushka Nesting Boxes,7,2024-08-26 18:00:00,7.65,12116,United Kingdom
536254,84406B,Cream Cupid Hearts Coat Hanger,5,2025-10-18 19:00:00,2.75,12177,United Kingdom
536255,22633,Hand Warmer Union Jack,2,2024-02-27 22:00:00,1.85,12130,Netherlands
536255,71053,White Metal Lantern,3,2024-11-18 19:00:00,3.39,12014,Germany
536255,71053,White Metal Lantern,5,2024-02-19 21:00:00,3.39,12173,United Kingdom
536255,84406B,Cream Cupid Hearts Coat Hanger,4,2025-08-02 08:00:00,2.75,12173,United Kingdom
536256,21730,Glass Star Frosted T-Light Holder,12,2025-02-18 23:00:00,4.25,12078,France
536256,22633,Hand Warmer Union Jack,11,2025-04-12 14:00:00,1.85,12020,United Kingdom
536256,84029G,Knitted Union Flag Hot Water Bottle,11,2025-09-29 10:00:00,3.39,12039,United Kingdom
536256,22633,Hand Warmer Union Jack,5,2025-03-13 10:00:00,1.85,12077,United Kingdom
536257,21730,Glass Star Frosted T-Light Holder,12,2024-12-13 19:00:00,4.25,12015,United Kingdom
536257,84406B,Cream Cupid Hearts Coat Hanger,10,2024-08-05 22:00:00,2.75,12119,United Kingdom
536257,84029E,Red Woolly Hottie White Heart,4,2025-11-25 04:00:00,3.39,12160,Spain
536257,71053,White Metal Lantern,6,2025-11-18 14:00:00,3.39,12011,United Kingdom
536258,22633,Hand Warmer Union Jack,3,2025-01-23 07:00:00,1.85,12030,United Kingdom
536258,21730,Glass Star Frosted T-Light Holder,12,2025-01-25 05:00:00,4.25,12093,United Kingdom
536258,22633,Hand Warmer Union Jack,11,2024-09-12 09:00:00,1.85,12149,United Kingdom
536258,71053,White Metal Lantern,3,2024-04-05 17:00:00,3.39,12091,United Kingdom
536259,85123A,White Hanging Heart T-Light Holder,12,2024-04-30 20:00:00,2.55,12008,Spain
536259,22752,Set 7 Babushka Nesting Boxes,9,2025-02-14 04:00:00,7.65,12062,United Kingdom
536259,22752,Set 7 Babushka Nesting Boxes,2,2024-01-14 00:00:00,7.65,12173,United Kingdom
536259,22752,Set 7 Babushka Nesting Boxes,7,2025-04-27 08:00:00,7.65,12041,United Kingdom
536260,85123A,White Hanging Heart T-Light Holder,12,2024-06-08 22:00:00,2.55,12047,United Kingdom
536260,22633,Hand Warmer Union Jack,11,2025-01-07 05:00:00,1.85,12165,United Kingdom
536260,21730,Glass Star Frosted T-Light Holder,11,2025-03-08 11:00:00,4.25,12059,United Kingdom
536260,21730,Glass Star Frosted T-Light Holder,6,2025-01-27 01:00:00,4.25,12143,Germany
536261,84029E,Red Woolly Hottie White Heart,11,2024-09-09 06:00:00,3.39,12012,Germany
536261,22752,Set 7 Babushka Nesting Boxes,6,2025-11-26 06:00:00,7.65,12071,United Kingdom
536261,84406B,Cream Cupid Hearts Coat Hanger,12,2024-07-18 17:00:00,2.75,12093,United Kingdom
536261,22633,Hand Warmer Union Jack,4,2024-05-30 09:00:00,1.85,12042,United Kingdom
536262,22633,Hand Warmer Union Jack,6,2024-11-19 13:00:00,1.85,12088,United Kingdom
536262,85123A,White Hanging Heart T-Light Holder,9,2025-11-28 14:00:00,2.55,12150,United Kingdom
536262,84406B,Cream Cupid Hearts Coat Hanger,2,2024-10-08 01:00:00,2.75,12020,United Kingdom
536262,71053,White Metal Lantern,7,2025-05-12 08:00:00,3.39,12031,United Kingdom
536263,71053,White Metal Lantern,0,2025-07-15 18:00:00,3.39,12137,United Kingdom
536263,84029E,Red Woolly Hottie White Heart,2,2025-01-29 01:00:00,3.39,12049,United Kingdom
536263,71053,White Metal Lantern,7,2025-02-01 17:00:00,3.39,12162,United Kingdom
536263,85123A,,2,2025-07-29 17:00:00,2.55,12016,United Kingdom
536264,84029G,Knitted Union Flag Hot Water Bottle,6,2024-01-02 12:00:00,3.39,12070,Germany
536264,22752,Set 7 Babushka Nesting Boxes,1,2025-03-17 10:00:00,7.65,12037,United Kingdom
536264,84406B,Cream Cupid Hearts Coat Hanger,6,2025-03-09 04:00:00,2.75,12100,United Kingdom
536264,85123A,White Hanging Heart T-Light Holder,11,2025-03-11 21:00:00,2.55,12082,United Kingdom
536265,21730,Glass Star Frosted T-Light Holder,4,2025-05-02 08:00:00,4.25,12061,United Kingdom
536265,84029G,Knitted Union Flag Hot Water Bottle,6,2024-02-15 16:00:00,3.39,12030,United Kingdom
536265,22752,Set 7 Babushka Nesting Boxes,6,2024-12-16 15:00:00,7.65,12120,United Kingdom
536265,84029G,Knitted Union Flag Hot Water Bottle,12,2024-06-27 02:00:00,3.39,12054,United Kingdom
536266,22633,Hand Warmer Union Jack,2,2024-12-19 21:00:00,1.85,12014,United Kingdom
536266,71053,White Metal Lantern,10,2025-04-25 21:00:00,3.39,12006,Germany
536266,22633,Hand Warmer Union Jack,2,2024-12-26 15:00:00,1.85,12118,Netherlands
C536266,84029E,Red Woolly Hottie White Heart,-9,2024-05-19 02:00:00,3.39,12115,United Kingdom
536267,84029E,Red Woolly Hottie White Heart,6,2025-10-13 08:00:00,3.39,12123,Spain
536267,85123A,White Hanging Heart T-Light Holder,10,2024-11-12 07:00:00,2.55,12122,United Kingdom
536267,85123A,White Hanging Heart T-Light Holder,12,2024-06-09 19:00:00,2.55,12032,United Kingdom
536267,84406B,Cream Cupid Hearts Coat Hanger,7,2025-06-17 15:00:00,2.75,12133,United Kingdom
536268,84406B,Cream Cupid Hearts Coat Hanger,9,2024-03-22 19:00:00,2.75,12013,United Kingdom
536268,84029G,Knitted Union Flag Hot Water Bottle,8,2025-02-12 04:00:00,3.39,12031,Germany
536268,84029E,Red Woolly Hottie White Heart,2,2024-10-24 15:00:00,3.39,12162,United Kingdom
536268,22752,Set 7 Babushka Nesting Boxes,5,2025-10-02 02:00:00,7.65,12009,France
536269,84029E,Red Woolly Hottie White Heart,4,2024-10-17 04:00:00,3.39,12039,Netherlands
536269,84406B,Cream Cupid Hearts Coat Hanger,8,2025-03-10 23:00:00,2.75,12139,Germany
536269,71053,White Metal Lantern,3,2024-08-04 07:00:00,3.39,12033,United Kingdom
536269,85123A,White Hanging Heart T-Light Holder,5,2025-09-08 15:00:00,2.55,,United Kingdom
536270,85123A,White Hanging Heart T-Light Holder,6,2024-12-04 03:00:00,2.55,12115,United Kingdom
536270,22752,Set 7 Babushka Nesting Boxes,8,2024-01-01 19:00:00,7.65,12006,United Kingdom
536270,84029E,Red Woolly Hottie White Heart,12,2024-05-28 03:00:00,3.39,12123,Germany
536270,85123A,White Hanging Heart T-Light Holder,8,2025-05-25 03:00:00,2.55,12033,Germany
536271,71053,White Metal Lantern,11,2024-04-16 17:00:00,3.39,12023,United Kingdom
536271,21730,Glass Star Frosted T-Light Holder,4,2025-08-25 22:00:00,4.25,12022,United Kingdom
536271,71053,White Metal Lantern,4,2025-02-17 09:00:00,3.39,12144,United Kingdom
536271,84406B,Cream Cupid Hearts Coat Hanger,11,2025-10-05 05:00:00,2.75,12058,Spain
536272,84029E,Red Woolly Hottie White Heart,1,2024-06-18 05:00:00,3.39,12100,United Kingdom
536272,21730,Glass Star Frosted T-Light Holder,11,2025-08-21 23:00:00,4.25,12024,United Kingdom
536272,85123A,White Hanging Heart T-Light Holder,5,2025-08-28 19:00:00,2.55,12152,United Kingdom
536272,22752,Set 7 Babushka Nesting Boxes,10,2024-03-15 10:00:00,7.65,12081,United Kingdom
536273,71053,White Metal Lantern,1,2024-04-19 16:00:00,3.39,12137,United Kingdom
536273,71053,White Metal Lantern,9,2025-10-31 00:00:00,3.39,12165,United Kingdom
536273,84406B,Cream Cupid Hearts Coat Hanger,3,2025-04-28 16:00:00,2.75,12102,United Kingdom
536273,84029E,Red Woolly Hottie White Heart,11,2024-11-18 17:00:00,3.39,12016,United Kingdom
536274,84029G,Knitted Union Flag Hot Water Bottle,7,2025-05-19 03:00:00,3.39,12091,United Kingdom
536274,84029E,Red Woolly Hottie White Heart,4,2025-05-10 15:00:00,3.39,12096,United Kingdom
536274,71053,White Metal Lantern,5,2025-01-25 23:00:00,3.39,12056,United Kingdom
536274,71053,White Metal Lantern,11,2024-01-04 06:00:00,3.39,12051,United Kingdom
536275,21730,Glass Star Frosted T-Light Holder,4,2024-08-02 13:00:00,4.25,12104,United Kingdom
536275,22633,Hand Warmer Union Jack,1,2024-06-18 00:00:00,1.85,12008,United Kingdom
536275,21730,Glass Star Frosted T-Light Holder,2,2024-05-12 03:00:00,4.25,12127,United Kingdom
536275,22752,Set 7 Babushka Nesting Boxes,12,2025-07-23 05:00:00,7.65,12135,United Kingdom
536276,22633,Hand Warmer Union Jack,1,2025-02-06 09:00:00,1.85,12069,United Kingdom
536276,84029E,Red Woolly Hottie White Heart,10,2024-01-20 22:00:00,3.39,12172,Netherlands
536276,84029G,Knitted Union Flag Hot Water Bottle,6,2024-06-21 19:00:00,3.39,12045,Netherlands
536276,22752,Set 7 Babushka Nesting Boxes,3,2025-06-08 19:00:00,7.65,12173,Germany
536277,84029G,Knitted Union Flag Hot Water Bottle,7,2025-04-24 05:00:00,3.39,12159,United Kingdom
536277,85123A,White Hanging Heart T-Light Holder,2,2024-03-30 03:00:00,2.55,12115,United Kingdom
536277,22752,Set 7 Babushka Nesting Boxes,12,2025-03-20 10:00:00,7.65,12043,United Kingdom
536277,71053,White Metal Lantern,12,2024-07-16 16:00:00,3.39,12067,France
536278,71053,White Metal Lantern,11,2025-05-04 16:00:00,3.39,12015,United Kingdom
536278,85123A,White Hanging Heart T-Light Holder,12,2024-09-27 15:00:00,2.55,12069,United Kingdom
536278,22633,Hand Warmer Union Jack,8,2024-11-19 06:00:00,1.85,12066,United Kingdom
536278,84029G,Knitted Union Flag Hot Water Bottle,5,2024-08-09 23:00:00,3.39,12122,Germany
536279,85123A,White Hanging Heart T-Light Holder,11,2025-06-30 14:00:00,2.55,12050,United Kingdom
536279,22633,Hand Warmer Union Jack,5,2024-03-09 06:00:00,1.85,12174,France
536279,22633,Hand Warmer Union Jack,4,2025-08-08 10:00:00,1.85,12129,Netherlands
536279,21730,Glass Star Frosted T-Light Holder,4,2025-08-03 19:00:00,4.25,12069,United Kingdom
536280,85123A,White Hanging Heart T-Light Holder,2,2025-07-08 03:00:00,2.55,12132,United Kingdom
536280,71053,White Metal Lantern,10,2024-01-23 13:00:00,3.39,12003,France
536280,21730,Glass Star Frosted T-Light Holder,8,2024-07-11 09:00:00,4.25,12164,United Kingdom
536280,22752,Set 7 Babushka Nesting Boxes,3,2024-06-09 14:00:00,7.65,12047,United Kingdom
536281,22633,Hand Warmer Union Jack,12,2025-05-08 17:00:00,1.85,12106,United Kingdom
536281,22752,Set 7 Babushka Nesting Boxes,9,2025-03-30 07:00:00,7.65,12008,United Kingdom
536281,85123A,White Hanging Heart T-Light Holder,5,2025-05-14 05:00:00,2.55,12139,United Kingdom
536281,71053,White Metal Lantern,5,2025-01-26 10:00:00,3.39,12069,United Kingdom
536282,84029E,Red Woolly Hottie White Heart,9,2024-08-08 20:00:00,3.39,12005,United Kingdom
536282,85123A,White Hanging Heart T-Light Holder,9,2024-07-22 14:00:00,2.55,12109,Germany
536282,85123A,White Hanging Heart T-Light Holder,3,2025-01-19 12:00:00,2.55,12061,France
536282,84029E,Red Woolly Hottie White Heart,3,2024-10-28 08:00:00,3.39,12106,United Kingdom
536283,71053,White Metal Lantern,1,2025-04-06 06:00:00,3.39,12047,United Kingdom
536283,22752,Set 7 Babushka Nesting Boxes,12,2025-11-29 12:00:00,7.65,12047,Netherlands
536283,22633,Hand Warmer Union Jack,2,2025-08-29 15:00:00,1.85,12127,Netherlands
536283,71053,White Metal Lantern,2,2025-04-18 02:00:00,3.39,12001,United Kingdom
536284,85123A,White Hanging Heart T-Light Holder,10,2024-02-01 08:00:00,2.55,12058,United Kingdom
536284,84029G,Knitted Union Flag Hot Water Bottle,1,2024-02-12 19:00:00,3.39,12078,United Kingdom
536284,84029G,Knitted Union Flag Hot Water Bottle,4,2024-03-06 11:00:00,3.39,12110,Germany
536284,84029G,Knitted Union Flag Hot Water Bottle,11,2024-07-03 21:00:00,3.39,12159,Netherlands
536285,84029G,Knitted Union Flag Hot Water Bottle,12,2025-05-21 11:00:00,3.39,12168,Netherlands
536285,22633,Hand Warmer Union Jack,8,2024-11-30 02:00:00,1.85,12055,United Kingdom
536285,21730,Glass Star Frosted T-Light Holder,7,2025-10-06 12:00:00,4.25,12028,United Kingdom
536285,22633,Hand Warmer Union Jack,7,2025-05-20 15:00:00,1.85,12116,Germany
536286,85123A,White Hanging Heart T-Light Holder,5,2025-06-10 05:00:00,2.55,12139,United Kingdom
536286,71053,White Metal Lantern,3,2025-03-10 01:00:00,3.39,12096,United Kingdom
536286,85123A,White Hanging Heart T-Light Holder,7,2025-03-10 19:00:00,2.55,12032,United Kingdom
536286,84029G,Knitted Union Flag Hot Water Bottle,8,2024-04-09 22:00:00,3.39,12089,Spain
536287,84029E,Red Woolly Hottie White Heart,10,2024-07-09 10:00:00,3.39,12090,United Kingdom
536287,21730,Glass Star Frosted T-Light Holder,10,2025-11-30 12:00:00,4.25,12034,Netherlands
536287,84029G,Knitted Union Flag Hot Water Bottle,6,2025-06-26 09:00:00,3.39,12019,United Kingdom
536287,84029G,Knitted Union Flag Hot Water Bottle,12,2024-10-27 02:00:00,3.39,12163,Germany
536288,84029G,Knitted Union Flag Hot Water Bottle,3,2025-04-01 11:00:00,3.39,12035,United Kingdom
536288,84406B,Cream Cupid Hearts Coat Hanger,8,2025-09-26 18:00:00,2.75,12008,United Kingdom
536288,21730,Glass Star Frosted T-Light Holder,2,2025-03-31 20:00:00,4.25,12060,United Kingdom
536288,84406B,Cream Cupid Hearts Coat Hanger,12,2024-05-19 21:00:00,2.75,12131,United Kingdom
536289,84029E,Red Woolly Hottie White Heart,7,2025-05-05 00:00:00,3.39,12040,United Kingdom
536289,85123A,White Hanging Heart T-Light Holder,12,2024-10-11 23:00:00,2.55,12172,United Kingdom
536289,71053,White Metal Lantern,5,2024-02-23 20:00:00,3.39,12153,Spain
536289,71053,White Metal Lantern,1,2024-11-09 16:00:00,3.39,12135,United Kingdom
536290,22752,Set 7 Babushka Nesting Boxes,8,2025-05-09 18:00:00,7.65,12080,United Kingdom
536290,22752,Set 7 Babushka Nesting Boxes,10,2025-09-03 22:00:00,7.65,12131,Germany
536290,85123A,White Hanging Heart T-Light Holder,8,2024-03-24 04:00:00,2.55,,Spain
536290,85123A,White Hanging Heart T-Light Holder,1,2025-10-04 15:00:00,2.55,12134,United Kingdom
C536291,84029G,Knitted Union Flag Hot Water Bottle,-7,2024-11-04 16:00:00,3.39,12112,United Kingdom
536291,21730,Glass Star Frosted T-Light Holder,5,2025-09-24 23:00:00,4.25,12139,United Kingdom
536291,85123A,White Hanging Heart T-Light Holder,3,2025-02-14 20:00:00,2.55,12004,Netherlands
536291,22752,Set 7 Babushka Nesting Boxes,3,2025-03-20 00:00:00,7.65,12037,Germany
536292,84029G,Knitted Union Flag Hot Water Bottle,12,2024-07-14 15:00:00,3.39,12133,United Kingdom
536292,71053,White Metal Lantern,1,2025-02-07 16:00:00,3.39,12055,United Kingdom
536292,84406B,Cream Cupid Hearts Coat Hanger,3,2024-02-06 10:00:00,2.75,12141,United Kingdom
536292,85123A,White Hanging Heart T-Light Holder,8,2025-06-16 19:00:00,2.55,12068,United Kingdom
536293,84406B,Cream Cupid Hearts Coat Hanger,1,2025-07-20 04:00:00,2.75,12148,Germany
536293,84029G,Knitted Union Flag Hot Water Bottle,9,2025-01-11 16:00:00,3.39,12110,Germany
536293,84029E,Red Woolly Hottie White Heart,7,2025-03-23 20:00:00,3.39,12061,United Kingdom
536293,84029G,Knitted Union Flag Hot Water Bottle,7,2024-01-21 07:00:00,3.39,12174,United Kingdom
536294,21730,Glass Star Frosted T-Light Holder,8,2024-02-04 05:00:00,4.25,12063,Germany
536294,84029E,Red Woolly Hottie White Heart,10,2025-03-17 08:00:00,3.39,12133,United Kingdom
536294,22633,Hand Warmer Union Jack,5,2024-02-15 20:00:00,1.85,12158,Netherlands
536294,71053,White Metal Lantern,8,2025-03-19 23:00:00,3.39,12152,United Kingdom
536295,84406B,Cream Cupid Hearts Coat Hanger,1,2024-11-02 16:00:00,2.75,12081,United Kingdom
536295,71053,White Metal Lantern,1,2025-03-05 19:00:00,3.39,12071,United Kingdom
536295,22752,Set 7 Babushka Nesting Boxes,7,2025-10-29 14:00:00,7.65,12004,United Kingdom
536295,22752,Set 7 Babushka Nesting Boxes,5,2025-11-19 10:00:00,7.65,12025,United Kingdom
536296,71053,White Metal Lantern,3,2025-02-05 00:00:00,3.39,12113,United Kingdom
536296,84029E,Red Woolly Hottie White Heart,5,2025-06-22 08:00:00,3.39,12031,United Kingdom
536296,85123A,White Hanging Heart T-Light Holder,12,2024-03-31 17:00:00,2.55,12161,United Kingdom
536296,22752,Set 7 Babushka Nesting Boxes,2,2025-10-18 13:00:00,7.65,12018,Spain
536297,84406B,Cream Cupid Hearts Coat Hanger,12,2025-05-20 12:00:00,2.75,12063,United Kingdom
536297,22633,Hand Warmer Union Jack,8,2025-07-12 01:00:00,1.85,12150,France
536297,84029G,Knitted Union Flag Hot Water Bottle,4,2025-04-14 07:00:00,3.39,12111,France
536297,21730,Glass Star Frosted T-Light Holder,2,2024-09-05 09:00:00,4.25,12059,United Kingdom
536298,21730,Glass Star Frosted T-Light Holder,5,2025-09-04 18:00:00,4.25,12026,Netherlands
536298,84029G,Knitted Union Flag Hot Water Bottle,2,2024-12-24 09:00:00,3.39,12084,France
536298,84406B,Cream Cupid Hearts Coat Hanger,12,2025-09-20 12:00:00,2.75,12055,United Kingdom
536298,21730,Glass Star Frosted T-Light Holder,8,2025-05-21 18:00:00,4.25,12103,United Kingdom
536299,84029E,Red Woolly Hottie White Heart,3,2024-10-10 02:00:00,3.39,12175,United Kingdom
536299,85123A,White Hanging Heart T-Light Holder,6,2024-09-03 09:00:00,2.55,12134,Spain
536299,21730,Glass Star Frosted T-Light Holder,10,2025-07-23 16:00:00,4.25,12099,United Kingdom
536299,21730,Glass Star Frosted T-Light Holder,11,2025-06-10 17:00:00,4.25,12068,France
536300,85123A,White Hanging Heart T-Light Holder,8,2025-02-15 21:00:00,2.55,12009,United Kingdom
